customer_id;customer_code;customer_segment;industry;region_id;customer_since;customer_size_score;base_churn_probability
1;CUST-00001;SMB;Retail;10;2020-08-12;1,127;0,106
2;CUST-00002;Public Sector;Retail;5;2021-10-04;1,699;0,068
3;CUST-00003;Mid-Market;Manufacturing;6;2021-12-04;1,87;0,055
4;CUST-00004;Mid-Market;Government;8;2024-01-15;1,847;0,072
5;CUST-00005;SMB;Retail;8;2022-08-26;0,937;0,199
6;CUST-00006;SMB;Technology;7;2023-11-25;0,538;0,22
7;CUST-00007;Public Sector;Healthcare;7;2022-01-24;5,262;0,062
8;CUST-00008;Enterprise;Retail;10;2024-01-22;20,988;0,041
9;CUST-00009;Mid-Market;Logistics;3;2021-06-06;5,59;0,068
10;CUST-00010;SMB;Technology;9;2022-01-26;1,648;0,152
11;CUST-00011;Mid-Market;Manufacturing;1;2021-05-13;4,422;0,065
12;CUST-00012;Distributor;Healthcare;2;2020-10-24;5,326;0,122
13;CUST-00013;Mid-Market;Manufacturing;2;2024-01-03;2,798;0,072
14;CUST-00014;Mid-Market;Technology;1;2020-01-13;5,213;0,082
15;CUST-00015;SMB;Manufacturing;1;2020-12-17;0,886;0,202
16;CUST-00016;Public Sector;Government;9;2020-06-06;1,303;0,071
17;CUST-00017;Enterprise;Retail;1;2023-11-12;6,31;0,022
18;CUST-00018;Public Sector;Technology;6;2021-08-26;1,917;0,043
19;CUST-00019;Mid-Market;Logistics;8;2021-07-16;2,178;0,062
20;CUST-00020;Mid-Market;Education;4;2020-06-15;3,227;0,057
21;CUST-00021;Distributor;Government;1;2020-12-15;2,725;0,078
22;CUST-00022;Public Sector;Retail;1;2022-09-03;3,258;0,042
23;CUST-00023;SMB;Government;8;2022-05-11;0,589;0,172
24;CUST-00024;Mid-Market;Manufacturing;2;2021-03-20;2,173;0,095
25;CUST-00025;SMB;Technology;5;2021-02-27;0,911;0,173
26;CUST-00026;SMB;Healthcare;1;2021-06-23;1,28;0,166
27;CUST-00027;Distributor;Technology;1;2021-07-12;2,921;0,077
28;CUST-00028;Enterprise;Government;1;2020-08-23;13,026;0,034
29;CUST-00029;SMB;Technology;4;2022-03-03;1,203;0,231
30;CUST-00030;Public Sector;Technology;7;2021-07-10;3,077;0,069
31;CUST-00031;Mid-Market;Retail;1;2023-10-29;2,682;0,08
32;CUST-00032;SMB;Manufacturing;7;2023-05-25;1,075;0,16
33;CUST-00033;SMB;Government;1;2022-04-08;0,869;0,112
34;CUST-00034;SMB;Manufacturing;1;2021-10-13;0,943;0,154
35;CUST-00035;Distributor;Education;3;2021-09-12;10,098;0,106
36;CUST-00036;SMB;Government;4;2022-07-09;0,431;0,127
37;CUST-00037;SMB;Healthcare;8;2022-05-25;0,462;0,218
38;CUST-00038;SMB;Technology;10;2021-11-10;0,767;0,143
39;CUST-00039;Distributor;Education;3;2023-01-07;5,178;0,099
40;CUST-00040;SMB;Government;5;2022-12-23;1,573;0,187
41;CUST-00041;Mid-Market;Technology;4;2021-11-27;3,506;0,051
42;CUST-00042;SMB;Logistics;6;2023-01-04;1,232;0,146
43;CUST-00043;Mid-Market;Government;7;2023-11-10;1,97;0,083
44;CUST-00044;Mid-Market;Healthcare;2;2023-02-22;4,921;0,083
45;CUST-00045;Distributor;Technology;2;2023-12-11;1,725;0,127
46;CUST-00046;SMB;Logistics;2;2021-04-06;1,777;0,229
47;CUST-00047;Mid-Market;Healthcare;6;2022-03-27;2,618;0,095
48;CUST-00048;SMB;Government;4;2020-09-21;1,451;0,145
49;CUST-00049;SMB;Logistics;5;2021-10-26;0,658;0,135
50;CUST-00050;Distributor;Education;9;2021-04-19;6,996;0,112
51;CUST-00051;SMB;Technology;7;2020-06-06;0,469;0,135
52;CUST-00052;SMB;Manufacturing;2;2021-04-03;1,277;0,156
53;CUST-00053;Mid-Market;Government;8;2021-03-12;2,456;0,046
54;CUST-00054;Mid-Market;Education;7;2020-07-20;3,354;0,089
55;CUST-00055;Enterprise;Government;4;2021-11-06;4,842;0,023
56;CUST-00056;SMB;Government;6;2023-08-09;2,202;0,113
57;CUST-00057;Mid-Market;Manufacturing;7;2021-01-09;3,719;0,083
58;CUST-00058;Enterprise;Manufacturing;8;2022-05-13;6,871;0,033
59;CUST-00059;SMB;Logistics;6;2023-04-09;0,697;0,232
60;CUST-00060;SMB;Education;1;2022-10-22;1,708;0,145
61;CUST-00061;SMB;Healthcare;4;2020-11-10;1,331;0,149
62;CUST-00062;Public Sector;Education;8;2023-09-21;4,916;0,045
63;CUST-00063;SMB;Technology;8;2020-09-08;0,876;0,122
64;CUST-00064;Public Sector;Manufacturing;1;2021-05-03;2,913;0,035
65;CUST-00065;Enterprise;Technology;1;2020-05-10;7,027;0,02
66;CUST-00066;SMB;Manufacturing;8;2021-05-28;0,874;0,214
67;CUST-00067;Public Sector;Education;5;2021-11-13;5,132;0,048
68;CUST-00068;SMB;Education;2;2021-05-05;0,952;0,2
69;CUST-00069;SMB;Manufacturing;3;2021-09-09;0,742;0,2
70;CUST-00070;Enterprise;Manufacturing;1;2021-05-20;14,012;0,039
71;CUST-00071;Mid-Market;Healthcare;10;2023-07-04;2,57;0,071
72;CUST-00072;Mid-Market;Government;8;2023-11-30;0,909;0,056
73;CUST-00073;Mid-Market;Retail;6;2023-11-20;1,528;0,077
74;CUST-00074;SMB;Logistics;8;2021-07-10;0,797;0,11
75;CUST-00075;SMB;Manufacturing;5;2022-07-17;0,578;0,201
76;CUST-00076;Public Sector;Retail;5;2020-08-24;2,936;0,053
77;CUST-00077;Mid-Market;Logistics;5;2022-08-17;4,957;0,046
78;CUST-00078;Mid-Market;Logistics;9;2023-03-06;4,903;0,095
79;CUST-00079;SMB;Government;4;2023-06-14;1,511;0,132
80;CUST-00080;SMB;Logistics;2;2021-03-27;2,263;0,117
81;CUST-00081;Mid-Market;Manufacturing;4;2022-02-21;3,308;0,094
82;CUST-00082;Mid-Market;Healthcare;3;2021-01-01;12,276;0,06
83;CUST-00083;SMB;Government;2;2023-04-16;0,675;0,117
84;CUST-00084;Enterprise;Logistics;1;2021-11-20;4,145;0,04
85;CUST-00085;SMB;Technology;8;2022-11-03;1,538;0,11
86;CUST-00086;SMB;Government;3;2021-12-03;1,36;0,207
87;CUST-00087;Mid-Market;Technology;10;2021-05-04;3,671;0,068
88;CUST-00088;SMB;Retail;1;2022-09-08;1,405;0,117
89;CUST-00089;Public Sector;Retail;6;2022-05-16;1,792;0,05
90;CUST-00090;SMB;Government;9;2023-04-18;0,91;0,146
91;CUST-00091;SMB;Technology;5;2021-07-29;1,181;0,175
92;CUST-00092;Mid-Market;Retail;3;2020-04-15;9,112;0,055
93;CUST-00093;SMB;Manufacturing;3;2023-07-18;0,782;0,201
94;CUST-00094;Mid-Market;Government;8;2023-12-26;5,005;0,083
95;CUST-00095;Enterprise;Retail;9;2023-06-24;9,822;0,033
96;CUST-00096;Enterprise;Logistics;1;2023-11-04;9,772;0,02
97;CUST-00097;SMB;Technology;8;2020-12-25;1,549;0,105
98;CUST-00098;Public Sector;Government;3;2023-08-13;7,224;0,055
99;CUST-00099;Mid-Market;Education;1;2021-10-14;1,085;0,076
100;CUST-00100;Distributor;Education;10;2023-04-02;2,91;0,101
101;CUST-00101;Public Sector;Healthcare;3;2020-06-24;3,365;0,052
102;CUST-00102;SMB;Logistics;10;2022-12-30;1,97;0,151
103;CUST-00103;SMB;Education;1;2023-08-14;0,69;0,14
104;CUST-00104;Mid-Market;Healthcare;8;2020-04-09;4,304;0,071
105;CUST-00105;SMB;Logistics;1;2022-07-28;0,988;0,183
106;CUST-00106;Enterprise;Technology;4;2023-12-12;3,339;0,023
107;CUST-00107;Mid-Market;Healthcare;3;2020-10-05;5,668;0,068
108;CUST-00108;Public Sector;Healthcare;10;2021-01-02;3,446;0,067
109;CUST-00109;SMB;Technology;4;2020-07-19;1,273;0,172
110;CUST-00110;Distributor;Healthcare;10;2022-09-18;3,677;0,08
111;CUST-00111;Distributor;Government;1;2021-04-11;2,703;0,067
112;CUST-00112;Enterprise;Manufacturing;8;2023-11-06;6,505;0,041
113;CUST-00113;SMB;Technology;4;2023-04-04;1,655;0,228
114;CUST-00114;Mid-Market;Retail;2;2022-02-09;1,883;0,051
115;CUST-00115;Public Sector;Education;6;2022-03-22;3,787;0,066
116;CUST-00116;Distributor;Education;1;2023-10-16;7,468;0,098
117;CUST-00117;Distributor;Logistics;10;2021-10-18;1,136;0,091
118;CUST-00118;Mid-Market;Retail;3;2020-10-19;6,956;0,05
119;CUST-00119;SMB;Government;4;2020-10-17;2,254;0,109
120;CUST-00120;Mid-Market;Government;2;2021-02-27;4,875;0,074
121;CUST-00121;Distributor;Manufacturing;10;2020-03-01;4,602;0,07
122;CUST-00122;Enterprise;Technology;2;2020-08-10;9,209;0,032
123;CUST-00123;SMB;Education;2;2022-01-31;3,409;0,215
124;CUST-00124;Distributor;Healthcare;3;2020-06-17;18,744;0,09
125;CUST-00125;Distributor;Education;3;2021-05-03;4,902;0,072
126;CUST-00126;Mid-Market;Logistics;6;2020-09-18;5,508;0,058
127;CUST-00127;SMB;Government;1;2022-12-08;0,6;0,118
128;CUST-00128;SMB;Technology;5;2020-02-17;0,785;0,231
129;CUST-00129;SMB;Retail;4;2023-10-14;1,219;0,18
130;CUST-00130;Mid-Market;Healthcare;6;2022-07-05;12,578;0,072
131;CUST-00131;Distributor;Healthcare;4;2022-12-11;7,28;0,105
132;CUST-00132;Public Sector;Logistics;4;2021-11-15;8,502;0,058
133;CUST-00133;Mid-Market;Logistics;6;2023-03-13;2,35;0,066
134;CUST-00134;SMB;Technology;8;2021-07-07;0,493;0,163
135;CUST-00135;Mid-Market;Healthcare;7;2021-06-08;6,498;0,081
136;CUST-00136;SMB;Manufacturing;9;2023-01-03;3,167;0,226
137;CUST-00137;Mid-Market;Retail;2;2021-08-15;4,771;0,095
138;CUST-00138;SMB;Manufacturing;6;2023-06-08;1,621;0,165
139;CUST-00139;Mid-Market;Retail;2;2021-01-07;3,457;0,076
140;CUST-00140;SMB;Technology;1;2021-09-26;1,194;0,2
141;CUST-00141;Public Sector;Education;4;2021-10-21;1,702;0,047
142;CUST-00142;Mid-Market;Retail;4;2021-05-30;1,098;0,088
143;CUST-00143;Mid-Market;Healthcare;2;2021-07-02;4,731;0,062
144;CUST-00144;Mid-Market;Education;2;2022-03-20;2,362;0,073
145;CUST-00145;SMB;Government;8;2022-07-24;0,22;0,218
146;CUST-00146;Distributor;Technology;7;2021-06-22;10,633;0,06
147;CUST-00147;SMB;Retail;5;2022-01-07;1,186;0,175
148;CUST-00148;Public Sector;Manufacturing;1;2022-12-05;3,624;0,066
149;CUST-00149;Distributor;Government;8;2020-06-26;8,729;0,087
150;CUST-00150;Mid-Market;Government;6;2022-08-01;1,314;0,077
151;CUST-00151;Mid-Market;Manufacturing;1;2020-12-01;2,35;0,099
152;CUST-00152;SMB;Logistics;8;2020-01-05;0,67;0,126
153;CUST-00153;Public Sector;Government;2;2023-10-14;2,592;0,06
154;CUST-00154;Public Sector;Manufacturing;2;2023-12-11;1,266;0,043
155;CUST-00155;SMB;Manufacturing;4;2022-11-15;0,886;0,203
156;CUST-00156;Mid-Market;Manufacturing;8;2023-06-15;3,557;0,077
157;CUST-00157;Distributor;Manufacturing;1;2020-11-09;5,056;0,117
158;CUST-00158;Enterprise;Education;4;2021-05-22;2,204;0,024
159;CUST-00159;Mid-Market;Technology;4;2021-10-14;1,612;0,081
160;CUST-00160;SMB;Retail;10;2020-09-04;1,193;0,222
161;CUST-00161;Mid-Market;Education;6;2020-05-10;6,526;0,072
162;CUST-00162;Mid-Market;Technology;2;2021-08-28;4,628;0,09
163;CUST-00163;Distributor;Manufacturing;8;2022-08-12;4,787;0,077
164;CUST-00164;Mid-Market;Retail;9;2022-02-09;17,385;0,093
165;CUST-00165;Mid-Market;Manufacturing;1;2020-05-07;3,591;0,089
166;CUST-00166;Mid-Market;Education;9;2022-07-10;0,964;0,058
167;CUST-00167;Enterprise;Retail;8;2022-03-23;5,066;0,038
168;CUST-00168;Mid-Market;Government;7;2020-08-26;1,326;0,07
169;CUST-00169;Public Sector;Education;5;2024-01-16;3,165;0,062
170;CUST-00170;Mid-Market;Manufacturing;1;2024-01-20;3,604;0,074
171;CUST-00171;SMB;Education;4;2023-06-02;0,757;0,136
172;CUST-00172;SMB;Technology;6;2021-01-14;0,422;0,206
173;CUST-00173;Distributor;Government;6;2023-05-06;20,442;0,084
174;CUST-00174;SMB;Government;4;2020-04-16;0,682;0,157
175;CUST-00175;Public Sector;Education;2;2022-02-13;2,285;0,072
176;CUST-00176;Distributor;Education;3;2021-01-09;2,262;0,102
177;CUST-00177;SMB;Healthcare;8;2023-11-22;0,438;0,195
178;CUST-00178;SMB;Healthcare;5;2021-12-12;1,422;0,215
179;CUST-00179;Enterprise;Government;4;2021-09-16;5,961;0,037
180;CUST-00180;Mid-Market;Education;8;2020-11-30;3,861;0,058
181;CUST-00181;SMB;Manufacturing;7;2023-04-13;0,385;0,107
182;CUST-00182;Distributor;Logistics;6;2020-06-10;1,531;0,097
183;CUST-00183;SMB;Logistics;4;2020-04-01;1,757;0,218
184;CUST-00184;Public Sector;Logistics;3;2023-12-28;2,255;0,071
185;CUST-00185;Distributor;Retail;9;2023-05-24;7,677;0,074
186;CUST-00186;Enterprise;Healthcare;1;2021-07-24;23,036;0,021
187;CUST-00187;Mid-Market;Logistics;8;2023-01-07;3,644;0,081
188;CUST-00188;Distributor;Technology;6;2021-10-21;2,488;0,091
189;CUST-00189;Mid-Market;Manufacturing;4;2020-04-12;2,23;0,06
190;CUST-00190;Mid-Market;Education;2;2023-04-14;1,701;0,084
191;CUST-00191;Public Sector;Education;1;2023-08-15;1,831;0,041
192;CUST-00192;SMB;Retail;9;2020-06-16;0,733;0,141
193;CUST-00193;SMB;Logistics;6;2021-10-29;0,567;0,121
194;CUST-00194;SMB;Logistics;6;2022-04-19;0,559;0,161
195;CUST-00195;SMB;Manufacturing;1;2024-02-03;0,604;0,199
196;CUST-00196;Mid-Market;Technology;8;2021-11-26;3,641;0,072
197;CUST-00197;SMB;Government;6;2022-12-18;0,477;0,172
198;CUST-00198;SMB;Healthcare;6;2020-06-29;1,054;0,166
199;CUST-00199;Distributor;Technology;5;2022-04-16;10,123;0,091
200;CUST-00200;Mid-Market;Healthcare;2;2020-08-04;3,485;0,07
201;CUST-00201;SMB;Healthcare;6;2022-11-30;0,835;0,124
202;CUST-00202;Distributor;Logistics;1;2021-08-25;7,015;0,105
203;CUST-00203;SMB;Manufacturing;7;2020-08-17;1,3;0,168
204;CUST-00204;SMB;Government;8;2021-06-23;0,338;0,141
205;CUST-00205;Mid-Market;Logistics;2;2022-08-16;5,044;0,101
206;CUST-00206;SMB;Government;6;2022-12-18;1,527;0,13
207;CUST-00207;SMB;Retail;8;2020-12-03;1,605;0,23
208;CUST-00208;Distributor;Education;9;2022-05-22;5,676;0,082
209;CUST-00209;SMB;Technology;5;2020-09-18;1,128;0,156
210;CUST-00210;SMB;Retail;3;2021-09-28;1,006;0,128
211;CUST-00211;Public Sector;Manufacturing;4;2020-03-25;2,444;0,055
212;CUST-00212;Enterprise;Manufacturing;3;2020-06-17;9,085;0,026
213;CUST-00213;Enterprise;Logistics;1;2023-10-16;7,291;0,04
214;CUST-00214;Mid-Market;Technology;6;2020-12-09;1,928;0,05
215;CUST-00215;Public Sector;Healthcare;9;2020-07-08;2,139;0,069
216;CUST-00216;SMB;Manufacturing;1;2023-09-08;0,734;0,197
217;CUST-00217;SMB;Technology;10;2023-07-30;1,494;0,165
218;CUST-00218;Mid-Market;Healthcare;2;2023-01-05;7,652;0,085
219;CUST-00219;Enterprise;Logistics;4;2022-03-26;4,457;0,038
220;CUST-00220;Public Sector;Healthcare;6;2020-03-09;1,56;0,057
221;CUST-00221;Mid-Market;Manufacturing;1;2023-07-21;1,491;0,069
222;CUST-00222;Mid-Market;Government;8;2022-05-01;6,309;0,098
223;CUST-00223;Enterprise;Government;9;2022-02-16;8,144;0,038
224;CUST-00224;Distributor;Government;9;2020-12-14;7,28;0,064
225;CUST-00225;Public Sector;Logistics;6;2023-11-08;1,71;0,055
226;CUST-00226;Mid-Market;Healthcare;6;2022-11-29;6,157;0,093
227;CUST-00227;SMB;Retail;5;2022-03-28;0,726;0,198
228;CUST-00228;Mid-Market;Manufacturing;1;2021-07-19;2,803;0,098
229;CUST-00229;SMB;Government;2;2023-11-21;0,982;0,213
230;CUST-00230;Mid-Market;Government;6;2021-12-17;3,687;0,084
231;CUST-00231;Distributor;Healthcare;1;2021-11-07;3,637;0,083
232;CUST-00232;Enterprise;Education;4;2023-02-05;9,156;0,028
233;CUST-00233;Public Sector;Education;5;2021-04-21;3,955;0,071
234;CUST-00234;SMB;Government;1;2021-06-13;0,703;0,122
235;CUST-00235;Mid-Market;Healthcare;6;2020-07-18;3,99;0,053
236;CUST-00236;SMB;Technology;4;2022-03-23;0,845;0,108
237;CUST-00237;SMB;Logistics;3;2021-05-08;0,353;0,106
238;CUST-00238;Mid-Market;Retail;4;2021-04-30;2,572;0,067
239;CUST-00239;SMB;Healthcare;6;2020-08-05;1,115;0,148
240;CUST-00240;SMB;Education;1;2020-05-25;1,35;0,107
241;CUST-00241;SMB;Manufacturing;7;2023-09-17;1,182;0,185
242;CUST-00242;Distributor;Healthcare;10;2023-01-10;3,813;0,098
243;CUST-00243;Mid-Market;Government;3;2020-05-17;3,323;0,071
244;CUST-00244;Public Sector;Technology;3;2020-01-05;6,378;0,051
245;CUST-00245;Mid-Market;Government;1;2022-12-24;3,82;0,074
246;CUST-00246;Enterprise;Government;4;2020-01-13;8,065;0,043
247;CUST-00247;Mid-Market;Government;5;2022-12-25;1,558;0,061
248;CUST-00248;Public Sector;Technology;3;2021-05-08;4,928;0,04
249;CUST-00249;Mid-Market;Retail;1;2021-08-27;5,249;0,084
250;CUST-00250;Mid-Market;Manufacturing;6;2021-07-13;5,814;0,065
251;CUST-00251;SMB;Retail;4;2022-09-06;0,579;0,177
252;CUST-00252;Mid-Market;Retail;9;2021-10-05;5,336;0,073
253;CUST-00253;Mid-Market;Education;2;2022-10-14;3,605;0,091
254;CUST-00254;Distributor;Logistics;6;2020-08-14;3,015;0,13
255;CUST-00255;Mid-Market;Technology;1;2020-06-16;2,953;0,055
256;CUST-00256;SMB;Government;1;2020-04-20;0,898;0,109
257;CUST-00257;Enterprise;Manufacturing;2;2021-05-18;8,252;0,024
258;CUST-00258;Mid-Market;Retail;3;2024-01-10;2,116;0,051
259;CUST-00259;Enterprise;Education;2;2021-03-13;14,038;0,042
260;CUST-00260;SMB;Retail;5;2023-10-31;1,293;0,202
261;CUST-00261;Public Sector;Technology;9;2020-09-11;2,528;0,065
262;CUST-00262;Mid-Market;Healthcare;9;2022-01-09;8,18;0,089
263;CUST-00263;Enterprise;Healthcare;6;2020-07-19;6,859;0,039
264;CUST-00264;SMB;Healthcare;8;2021-06-06;1,123;0,157
265;CUST-00265;Enterprise;Manufacturing;4;2021-11-24;10,471;0,03
266;CUST-00266;Public Sector;Government;2;2023-07-15;3,671;0,046
267;CUST-00267;SMB;Manufacturing;4;2021-12-02;0,985;0,123
268;CUST-00268;Mid-Market;Retail;5;2022-04-06;6,299;0,06
269;CUST-00269;Distributor;Government;7;2022-01-15;3,545;0,069
270;CUST-00270;SMB;Education;1;2020-12-06;1,999;0,138
271;CUST-00271;Distributor;Technology;1;2021-06-13;3,703;0,063
272;CUST-00272;SMB;Healthcare;8;2020-01-19;1,073;0,137
273;CUST-00273;SMB;Government;1;2021-08-22;1,131;0,128
274;CUST-00274;Mid-Market;Education;6;2021-05-15;2,325;0,054
275;CUST-00275;Enterprise;Technology;10;2023-02-19;16,364;0,031
276;CUST-00276;Distributor;Healthcare;1;2023-09-09;2,148;0,127
277;CUST-00277;Mid-Market;Technology;3;2022-10-21;2,968;0,056
278;CUST-00278;Distributor;Logistics;2;2021-12-17;7,272;0,061
279;CUST-00279;SMB;Logistics;3;2022-06-01;0,359;0,226
280;CUST-00280;SMB;Healthcare;8;2022-01-02;0,773;0,151
281;CUST-00281;SMB;Healthcare;3;2023-06-07;0,577;0,137
282;CUST-00282;Mid-Market;Manufacturing;2;2022-11-10;3,527;0,067
283;CUST-00283;Mid-Market;Education;5;2024-02-05;3,679;0,078
284;CUST-00284;Distributor;Government;5;2020-07-03;6,997;0,063
285;CUST-00285;SMB;Government;6;2022-03-18;2,035;0,116
286;CUST-00286;SMB;Education;1;2022-11-22;0,947;0,197
287;CUST-00287;Public Sector;Logistics;6;2023-10-21;2,516;0,066
288;CUST-00288;Public Sector;Technology;1;2020-05-28;3,3;0,067
289;CUST-00289;SMB;Manufacturing;4;2020-01-31;0,493;0,194
290;CUST-00290;Mid-Market;Government;1;2022-01-12;3,331;0,057
291;CUST-00291;Mid-Market;Logistics;10;2020-09-04;1,626;0,063
292;CUST-00292;Mid-Market;Education;1;2020-04-19;2,324;0,046
293;CUST-00293;SMB;Education;9;2021-04-14;1,45;0,166
294;CUST-00294;SMB;Technology;3;2023-03-25;1,145;0,181
295;CUST-00295;Distributor;Healthcare;10;2023-05-24;5,934;0,072
296;CUST-00296;Mid-Market;Manufacturing;2;2021-02-16;3,111;0,073
297;CUST-00297;Distributor;Healthcare;1;2023-11-30;7,783;0,064
298;CUST-00298;Mid-Market;Manufacturing;10;2021-05-12;9,877;0,078
299;CUST-00299;SMB;Retail;6;2020-08-20;1,836;0,122
300;CUST-00300;SMB;Government;6;2020-11-11;3,499;0,177
301;CUST-00301;Enterprise;Healthcare;1;2022-11-12;15,501;0,026
302;CUST-00302;SMB;Government;1;2024-01-25;0,662;0,115
303;CUST-00303;Enterprise;Education;1;2022-03-27;1,751;0,033
304;CUST-00304;SMB;Technology;7;2023-08-22;1,007;0,231
305;CUST-00305;Mid-Market;Healthcare;8;2023-11-18;7,431;0,095
306;CUST-00306;SMB;Manufacturing;6;2023-02-18;1,249;0,151
307;CUST-00307;SMB;Retail;4;2021-10-03;1,872;0,136
308;CUST-00308;Mid-Market;Government;1;2023-04-24;7,856;0,053
309;CUST-00309;SMB;Manufacturing;8;2020-05-26;1,154;0,105
310;CUST-00310;Enterprise;Government;7;2020-09-22;12,66;0,037
311;CUST-00311;Enterprise;Education;6;2021-05-29;2,584;0,02
312;CUST-00312;SMB;Manufacturing;10;2023-12-27;0,684;0,12
313;CUST-00313;SMB;Education;6;2020-11-28;0,98;0,218
314;CUST-00314;Public Sector;Technology;2;2022-03-01;2,868;0,046
315;CUST-00315;Distributor;Government;6;2023-09-24;4,531;0,097
316;CUST-00316;SMB;Manufacturing;1;2021-08-07;0,808;0,113
317;CUST-00317;Distributor;Manufacturing;1;2020-05-27;5,164;0,065
318;CUST-00318;Distributor;Healthcare;6;2020-06-08;3,744;0,104
319;CUST-00319;SMB;Education;8;2023-08-30;0,43;0,145
320;CUST-00320;SMB;Logistics;10;2020-03-29;1,444;0,16
321;CUST-00321;SMB;Manufacturing;10;2022-01-17;0,401;0,173
322;CUST-00322;SMB;Healthcare;5;2020-03-28;0,904;0,179
323;CUST-00323;SMB;Education;6;2022-07-21;1,167;0,205
324;CUST-00324;SMB;Logistics;5;2020-02-07;0,404;0,139
325;CUST-00325;SMB;Logistics;8;2022-04-12;0,609;0,18
326;CUST-00326;Mid-Market;Education;6;2023-09-11;7,382;0,079
327;CUST-00327;Mid-Market;Government;4;2023-06-09;1,257;0,075
328;CUST-00328;Mid-Market;Manufacturing;1;2023-03-20;6,53;0,066
329;CUST-00329;Distributor;Manufacturing;5;2024-01-18;2,381;0,083
330;CUST-00330;Public Sector;Education;3;2023-06-08;1,417;0,037
331;CUST-00331;SMB;Retail;10;2020-10-07;1,729;0,222
332;CUST-00332;Distributor;Technology;5;2024-01-27;8,261;0,118
333;CUST-00333;SMB;Logistics;1;2022-07-29;1,526;0,21
334;CUST-00334;Mid-Market;Government;1;2022-06-17;2,22;0,075
335;CUST-00335;SMB;Retail;4;2022-10-20;0,363;0,116
336;CUST-00336;Mid-Market;Manufacturing;8;2021-06-24;1,82;0,076
337;CUST-00337;Mid-Market;Technology;1;2021-08-20;5,037;0,081
338;CUST-00338;Distributor;Government;1;2023-12-15;7,584;0,118
339;CUST-00339;SMB;Logistics;6;2022-07-13;1,521;0,106
340;CUST-00340;Distributor;Education;6;2020-09-18;5,393;0,059
341;CUST-00341;SMB;Technology;5;2020-01-01;2,133;0,136
342;CUST-00342;SMB;Government;3;2020-03-10;0,68;0,145
343;CUST-00343;Mid-Market;Technology;5;2020-12-29;3,273;0,099
344;CUST-00344;Mid-Market;Healthcare;6;2024-01-28;4,014;0,071
345;CUST-00345;Enterprise;Logistics;6;2022-07-11;18,474;0,032
346;CUST-00346;SMB;Healthcare;4;2021-12-15;2,557;0,188
347;CUST-00347;Distributor;Technology;1;2022-09-14;5,533;0,118
348;CUST-00348;SMB;Logistics;6;2021-01-27;2,665;0,12
349;CUST-00349;Distributor;Education;1;2021-03-06;15,579;0,073
350;CUST-00350;Enterprise;Retail;4;2023-07-24;5,938;0,03
351;CUST-00351;SMB;Government;7;2022-08-13;0,908;0,12
352;CUST-00352;Mid-Market;Healthcare;9;2022-01-14;4,907;0,098
353;CUST-00353;Distributor;Logistics;4;2023-06-08;8,481;0,113
354;CUST-00354;Enterprise;Logistics;1;2021-11-24;3,081;0,035
355;CUST-00355;Mid-Market;Education;9;2023-10-13;1,112;0,089
356;CUST-00356;Mid-Market;Manufacturing;5;2021-03-25;7,706;0,092
357;CUST-00357;Distributor;Government;8;2023-09-26;13,875;0,126
358;CUST-00358;SMB;Technology;4;2022-12-07;0,37;0,141
359;CUST-00359;Mid-Market;Technology;1;2022-06-02;3,87;0,081
360;CUST-00360;SMB;Technology;4;2020-12-28;2,007;0,209
361;CUST-00361;Mid-Market;Education;6;2023-05-24;4,219;0,094
362;CUST-00362;Mid-Market;Education;9;2021-05-24;4,149;0,083
363;CUST-00363;Public Sector;Retail;10;2020-09-22;3,552;0,062
364;CUST-00364;SMB;Retail;9;2020-11-09;0,349;0,118
365;CUST-00365;Mid-Market;Retail;8;2022-10-31;3,917;0,059
366;CUST-00366;SMB;Government;8;2021-08-09;1,576;0,178
367;CUST-00367;SMB;Technology;6;2022-04-30;0,806;0,164
368;CUST-00368;SMB;Technology;5;2020-07-01;0,654;0,199
369;CUST-00369;Mid-Market;Education;8;2022-05-24;3,932;0,078
370;CUST-00370;Mid-Market;Manufacturing;6;2021-06-24;2,233;0,06
371;CUST-00371;SMB;Retail;9;2021-08-05;1,003;0,23
372;CUST-00372;Public Sector;Education;1;2023-04-16;2,003;0,048
373;CUST-00373;Public Sector;Technology;6;2022-10-06;2,287;0,065
374;CUST-00374;SMB;Government;4;2022-01-31;2,465;0,126
375;CUST-00375;SMB;Manufacturing;10;2020-04-20;0,352;0,214
376;CUST-00376;Mid-Market;Government;5;2022-02-27;4,056;0,077
377;CUST-00377;SMB;Retail;8;2021-01-12;0,68;0,125
378;CUST-00378;SMB;Healthcare;7;2021-04-06;0,803;0,218
379;CUST-00379;Enterprise;Technology;3;2020-10-23;17,623;0,026
380;CUST-00380;SMB;Technology;2;2020-03-26;2,366;0,178
381;CUST-00381;Enterprise;Manufacturing;8;2022-03-11;7,082;0,028
382;CUST-00382;Public Sector;Manufacturing;2;2023-03-07;0,913;0,034
383;CUST-00383;Mid-Market;Education;6;2022-03-09;1,984;0,095
384;CUST-00384;Public Sector;Logistics;8;2022-02-02;3,151;0,054
385;CUST-00385;SMB;Healthcare;9;2022-07-08;0,542;0,113
386;CUST-00386;Distributor;Logistics;4;2020-05-12;6,855;0,13
387;CUST-00387;Mid-Market;Government;7;2020-11-24;5,162;0,088
388;CUST-00388;Mid-Market;Technology;6;2022-04-12;3,728;0,053
389;CUST-00389;Enterprise;Logistics;1;2020-05-18;16,263;0,025
390;CUST-00390;SMB;Technology;6;2022-12-06;0,608;0,153
391;CUST-00391;Public Sector;Education;1;2021-11-19;1,173;0,066
392;CUST-00392;SMB;Retail;6;2023-06-29;0,595;0,203
393;CUST-00393;Distributor;Healthcare;5;2022-07-02;7,853;0,067
394;CUST-00394;Mid-Market;Education;3;2022-05-07;6,222;0,055
395;CUST-00395;Enterprise;Logistics;8;2020-11-07;9,922;0,02
396;CUST-00396;SMB;Logistics;2;2023-02-23;0,518;0,222
397;CUST-00397;Mid-Market;Healthcare;6;2022-07-03;2,389;0,1
398;CUST-00398;SMB;Manufacturing;4;2021-01-02;0,683;0,198
399;CUST-00399;Mid-Market;Technology;4;2022-03-30;5,96;0,084
400;CUST-00400;SMB;Manufacturing;6;2022-01-11;4,259;0,11
401;CUST-00401;Public Sector;Technology;4;2022-03-26;5,49;0,041
402;CUST-00402;SMB;Healthcare;2;2022-05-31;1,053;0,152
403;CUST-00403;Mid-Market;Education;4;2021-04-12;7,897;0,088
404;CUST-00404;Distributor;Technology;6;2023-12-06;7,975;0,088
405;CUST-00405;SMB;Healthcare;3;2022-02-24;0,867;0,12
406;CUST-00406;SMB;Government;5;2021-03-25;1,062;0,184
407;CUST-00407;SMB;Manufacturing;1;2021-10-11;0,731;0,132
408;CUST-00408;Mid-Market;Technology;4;2021-05-10;3,514;0,055
409;CUST-00409;Enterprise;Retail;5;2021-04-08;12,72;0,025
410;CUST-00410;Enterprise;Healthcare;9;2021-08-19;8,04;0,023
411;CUST-00411;Distributor;Logistics;6;2022-08-26;21,68;0,065
412;CUST-00412;Distributor;Logistics;2;2023-07-26;7,214;0,086
413;CUST-00413;Distributor;Government;1;2021-10-03;5,733;0,105
414;CUST-00414;Distributor;Government;1;2021-09-03;3,816;0,109
415;CUST-00415;Mid-Market;Logistics;5;2020-08-16;5,987;0,054
416;CUST-00416;Mid-Market;Healthcare;8;2023-08-09;2,227;0,101
417;CUST-00417;Enterprise;Logistics;1;2020-06-30;4,904;0,034
418;CUST-00418;SMB;Retail;6;2021-12-13;0,55;0,18
419;CUST-00419;Mid-Market;Government;5;2022-12-13;4,795;0,072
420;CUST-00420;Mid-Market;Manufacturing;1;2023-10-03;3,733;0,101
421;CUST-00421;Mid-Market;Manufacturing;8;2024-01-25;4,353;0,069
422;CUST-00422;Mid-Market;Government;7;2020-02-01;3,496;0,054
423;CUST-00423;SMB;Government;1;2021-12-03;0,833;0,147
424;CUST-00424;Mid-Market;Manufacturing;1;2021-05-02;2,464;0,09
425;CUST-00425;Distributor;Logistics;1;2023-01-19;5,743;0,098
426;CUST-00426;Mid-Market;Logistics;2;2020-08-26;6,138;0,072
427;CUST-00427;SMB;Government;1;2021-01-26;1,011;0,209
428;CUST-00428;SMB;Education;6;2020-11-22;0,999;0,183
429;CUST-00429;Mid-Market;Logistics;1;2022-12-13;9,581;0,059
430;CUST-00430;Enterprise;Manufacturing;5;2023-10-29;3,972;0,038
431;CUST-00431;Public Sector;Technology;3;2023-10-02;2,795;0,051
432;CUST-00432;SMB;Government;2;2023-07-05;1,912;0,21
433;CUST-00433;SMB;Education;2;2021-02-25;2,186;0,203
434;CUST-00434;SMB;Healthcare;1;2021-05-12;1,014;0,141
435;CUST-00435;Distributor;Logistics;7;2021-11-04;6,939;0,11
436;CUST-00436;Distributor;Retail;1;2022-05-23;4,677;0,112
437;CUST-00437;SMB;Retail;5;2020-09-19;1,065;0,138
438;CUST-00438;Public Sector;Retail;6;2022-08-18;2,837;0,035
439;CUST-00439;Mid-Market;Government;2;2020-08-12;2,406;0,08
440;CUST-00440;Enterprise;Logistics;2;2022-05-15;7,866;0,042
441;CUST-00441;SMB;Education;4;2021-08-06;0,477;0,163
442;CUST-00442;SMB;Manufacturing;9;2023-03-29;0,952;0,116
443;CUST-00443;SMB;Logistics;7;2022-06-30;0,782;0,123
444;CUST-00444;Mid-Market;Logistics;2;2020-12-11;4,979;0,059
445;CUST-00445;Distributor;Technology;3;2020-04-16;3,608;0,072
446;CUST-00446;SMB;Healthcare;4;2021-04-20;1,988;0,208
447;CUST-00447;SMB;Government;8;2020-01-18;0,775;0,182
448;CUST-00448;SMB;Manufacturing;2;2020-12-24;3,662;0,188
449;CUST-00449;Public Sector;Retail;7;2022-03-20;1,757;0,051
450;CUST-00450;SMB;Government;9;2021-08-08;0,747;0,213
451;CUST-00451;Distributor;Healthcare;4;2023-09-14;3,617;0,087
452;CUST-00452;Mid-Market;Government;1;2023-11-08;1,658;0,099
453;CUST-00453;SMB;Logistics;6;2020-03-30;0,509;0,187
454;CUST-00454;Mid-Market;Retail;9;2021-02-26;3,32;0,085
455;CUST-00455;SMB;Logistics;4;2021-12-13;0,613;0,19
456;CUST-00456;Mid-Market;Manufacturing;2;2022-09-03;4,666;0,064
457;CUST-00457;SMB;Manufacturing;2;2022-10-22;0,608;0,12
458;CUST-00458;SMB;Retail;9;2020-07-05;0,77;0,117
459;CUST-00459;Enterprise;Education;6;2022-01-29;31,154;0,021
460;CUST-00460;SMB;Retail;3;2020-01-25;1,27;0,231
461;CUST-00461;Enterprise;Logistics;8;2021-08-31;3,371;0,037
462;CUST-00462;Public Sector;Healthcare;2;2021-05-20;0,929;0,047
463;CUST-00463;Mid-Market;Retail;2;2021-12-25;3,971;0,049
464;CUST-00464;Distributor;Government;3;2023-03-10;3,343;0,069
465;CUST-00465;SMB;Logistics;6;2020-04-07;1,675;0,128
466;CUST-00466;Enterprise;Government;6;2021-03-21;5,575;0,037
467;CUST-00467;Distributor;Healthcare;6;2021-05-26;8,452;0,085
468;CUST-00468;Enterprise;Government;5;2022-07-26;8,601;0,031
469;CUST-00469;Mid-Market;Healthcare;1;2024-01-26;8,513;0,094
470;CUST-00470;Mid-Market;Manufacturing;2;2021-03-12;3,217;0,076
471;CUST-00471;SMB;Retail;6;2023-02-13;1,46;0,116
472;CUST-00472;Mid-Market;Education;9;2022-03-16;4,392;0,097
473;CUST-00473;SMB;Retail;9;2023-06-26;1,029;0,112
474;CUST-00474;Enterprise;Retail;1;2022-07-29;14,376;0,038
475;CUST-00475;SMB;Education;1;2023-07-02;0,647;0,106
476;CUST-00476;Mid-Market;Manufacturing;3;2023-06-07;5,542;0,088
477;CUST-00477;SMB;Education;1;2023-03-28;0,607;0,129
478;CUST-00478;SMB;Technology;5;2020-09-09;4,347;0,17
479;CUST-00479;Enterprise;Healthcare;1;2020-01-24;10,806;0,026
480;CUST-00480;Mid-Market;Government;3;2022-09-13;2,162;0,097
481;CUST-00481;Mid-Market;Technology;1;2023-08-16;5,112;0,09
482;CUST-00482;Public Sector;Government;4;2020-07-01;3,858;0,043
483;CUST-00483;SMB;Education;1;2021-02-17;0,439;0,144
484;CUST-00484;SMB;Healthcare;1;2020-01-07;0,583;0,113
485;CUST-00485;SMB;Manufacturing;3;2020-04-05;0,636;0,202
486;CUST-00486;Distributor;Government;1;2023-11-08;2,688;0,105
487;CUST-00487;SMB;Education;6;2022-04-12;1,896;0,172
488;CUST-00488;Mid-Market;Logistics;1;2022-08-10;4,557;0,061
489;CUST-00489;Enterprise;Logistics;2;2023-06-11;7,734;0,03
490;CUST-00490;Enterprise;Retail;4;2021-11-25;3,877;0,033
491;CUST-00491;SMB;Government;5;2020-01-16;1,048;0,168
492;CUST-00492;SMB;Government;1;2020-07-22;0,605;0,137
493;CUST-00493;Distributor;Healthcare;6;2021-05-18;2,474;0,06
494;CUST-00494;SMB;Government;1;2020-06-23;0,766;0,174
495;CUST-00495;SMB;Healthcare;3;2021-12-29;0,531;0,117
496;CUST-00496;Enterprise;Healthcare;3;2021-05-05;10,446;0,036
497;CUST-00497;Public Sector;Education;6;2020-10-27;2,658;0,066
498;CUST-00498;SMB;Government;2;2020-04-11;0,816;0,107
499;CUST-00499;Mid-Market;Retail;3;2020-10-08;2,907;0,095
500;CUST-00500;Mid-Market;Retail;5;2020-10-08;2,672;0,054
501;CUST-00501;Enterprise;Logistics;5;2021-11-07;5,1;0,034
502;CUST-00502;SMB;Healthcare;4;2023-08-28;0,348;0,109
503;CUST-00503;Mid-Market;Retail;5;2021-03-25;2,809;0,072
504;CUST-00504;SMB;Retail;6;2023-07-16;0,665;0,179
505;CUST-00505;SMB;Retail;3;2022-10-30;0,568;0,187
506;CUST-00506;Mid-Market;Government;4;2020-01-04;2,54;0,093
507;CUST-00507;Mid-Market;Retail;5;2022-12-24;3,804;0,097
508;CUST-00508;SMB;Retail;10;2020-02-19;5,467;0,222
509;CUST-00509;SMB;Logistics;2;2022-04-23;0,783;0,225
510;CUST-00510;SMB;Healthcare;2;2023-08-11;1,819;0,229
511;CUST-00511;Enterprise;Government;7;2023-07-18;12,245;0,022
512;CUST-00512;SMB;Healthcare;6;2023-07-01;1,65;0,171
513;CUST-00513;Distributor;Education;8;2023-05-09;4,764;0,077
514;CUST-00514;SMB;Logistics;1;2023-03-29;1,031;0,169
515;CUST-00515;Enterprise;Manufacturing;3;2022-07-15;3,267;0,038
516;CUST-00516;Enterprise;Government;8;2021-02-28;3,568;0,035
517;CUST-00517;SMB;Technology;1;2021-06-13;0,604;0,216
518;CUST-00518;Distributor;Technology;8;2022-12-26;4,549;0,129
519;CUST-00519;Mid-Market;Technology;1;2020-08-14;1,998;0,064
520;CUST-00520;Enterprise;Manufacturing;6;2021-04-18;4,801;0,02
521;CUST-00521;Mid-Market;Retail;8;2020-08-10;4,135;0,088
522;CUST-00522;Mid-Market;Logistics;8;2020-02-25;2,539;0,046
523;CUST-00523;Enterprise;Education;10;2022-08-09;4,705;0,041
524;CUST-00524;Enterprise;Technology;7;2021-01-21;5,537;0,02
525;CUST-00525;Mid-Market;Education;7;2020-05-17;1,493;0,062
526;CUST-00526;Mid-Market;Technology;10;2023-05-08;1,968;0,076
527;CUST-00527;SMB;Technology;5;2022-10-30;0,36;0,22
528;CUST-00528;Distributor;Technology;5;2021-03-01;9,809;0,119
529;CUST-00529;SMB;Education;6;2020-10-25;0,817;0,2
530;CUST-00530;Mid-Market;Logistics;5;2021-03-17;3,423;0,093
531;CUST-00531;SMB;Education;1;2022-05-07;0,544;0,201
532;CUST-00532;Mid-Market;Retail;8;2023-09-12;6,878;0,046
533;CUST-00533;SMB;Technology;6;2020-02-14;4,702;0,208
534;CUST-00534;SMB;Government;2;2022-02-17;1,546;0,23
535;CUST-00535;Distributor;Education;9;2023-08-30;2,721;0,071
536;CUST-00536;SMB;Technology;7;2022-03-02;2,883;0,118
537;CUST-00537;Mid-Market;Technology;5;2024-01-27;6,431;0,054
538;CUST-00538;Public Sector;Healthcare;5;2021-12-28;2,351;0,051
539;CUST-00539;Mid-Market;Education;6;2021-03-23;7,821;0,079
540;CUST-00540;Mid-Market;Government;3;2021-05-27;5,352;0,095
541;CUST-00541;Mid-Market;Technology;3;2022-09-06;4,586;0,101
542;CUST-00542;Enterprise;Government;8;2021-11-20;13,389;0,028
543;CUST-00543;SMB;Education;3;2020-02-29;0,487;0,223
544;CUST-00544;SMB;Logistics;5;2022-02-21;1,01;0,22
545;CUST-00545;Mid-Market;Education;10;2021-04-26;5,661;0,073
546;CUST-00546;Public Sector;Education;3;2020-09-26;2,106;0,045
547;CUST-00547;SMB;Retail;3;2022-06-16;2,209;0,137
548;CUST-00548;SMB;Education;1;2020-03-09;1,387;0,155
549;CUST-00549;SMB;Education;9;2023-09-11;1,093;0,166
550;CUST-00550;SMB;Education;3;2021-10-30;0,565;0,207
551;CUST-00551;Enterprise;Government;1;2021-12-14;9,734;0,03
552;CUST-00552;Mid-Market;Technology;1;2020-01-07;5,023;0,098
553;CUST-00553;Enterprise;Manufacturing;1;2021-01-05;4,822;0,025
554;CUST-00554;SMB;Logistics;3;2022-02-15;0,94;0,181
555;CUST-00555;SMB;Manufacturing;3;2021-06-13;1,296;0,227
556;CUST-00556;SMB;Technology;2;2022-12-28;0,639;0,19
557;CUST-00557;SMB;Logistics;9;2020-11-07;0,864;0,128
558;CUST-00558;Enterprise;Logistics;10;2022-02-14;10,936;0,034
559;CUST-00559;Enterprise;Manufacturing;8;2020-04-19;13,319;0,032
560;CUST-00560;Mid-Market;Education;1;2020-06-19;2,222;0,048
561;CUST-00561;SMB;Retail;3;2020-12-21;2,138;0,214
562;CUST-00562;Mid-Market;Retail;2;2023-09-28;5,589;0,063
563;CUST-00563;Enterprise;Retail;1;2023-08-26;7,804;0,021
564;CUST-00564;Mid-Market;Government;9;2021-12-16;4,756;0,059
565;CUST-00565;SMB;Healthcare;2;2021-05-16;0,967;0,178
566;CUST-00566;Mid-Market;Retail;6;2023-01-13;2,255;0,09
567;CUST-00567;Public Sector;Logistics;3;2023-10-19;3,071;0,035
568;CUST-00568;SMB;Retail;1;2024-01-25;0,377;0,128
569;CUST-00569;Enterprise;Government;3;2021-07-09;17,84;0,029
570;CUST-00570;Enterprise;Healthcare;6;2022-07-24;12,33;0,038
571;CUST-00571;SMB;Healthcare;3;2022-06-07;0,775;0,159
572;CUST-00572;Distributor;Logistics;2;2021-09-24;10,592;0,063
573;CUST-00573;Mid-Market;Logistics;3;2020-12-27;2,478;0,087
574;CUST-00574;Public Sector;Government;7;2023-12-07;2,462;0,067
575;CUST-00575;Public Sector;Education;6;2021-09-07;4,62;0,052
576;CUST-00576;SMB;Education;5;2022-10-11;0,865;0,209
577;CUST-00577;Public Sector;Manufacturing;10;2022-07-01;5,996;0,063
578;CUST-00578;Distributor;Logistics;9;2021-11-03;12,031;0,071
579;CUST-00579;Distributor;Education;2;2021-12-13;6,334;0,09
580;CUST-00580;Mid-Market;Education;2;2020-02-10;3,079;0,051
581;CUST-00581;SMB;Government;2;2023-07-15;1,248;0,13
582;CUST-00582;Enterprise;Technology;5;2023-02-10;8,042;0,031
583;CUST-00583;Mid-Market;Manufacturing;2;2021-02-27;4,676;0,055
584;CUST-00584;Distributor;Healthcare;3;2021-08-28;3,092;0,063
585;CUST-00585;Public Sector;Retail;5;2020-11-29;3,268;0,058
586;CUST-00586;Distributor;Logistics;10;2021-08-24;2,823;0,116
587;CUST-00587;SMB;Healthcare;6;2022-07-16;0,954;0,227
588;CUST-00588;Enterprise;Government;8;2021-02-23;5,446;0,032
589;CUST-00589;Distributor;Healthcare;10;2022-03-02;3,368;0,109
590;CUST-00590;Mid-Market;Healthcare;3;2020-01-14;3,173;0,077
591;CUST-00591;SMB;Education;6;2022-01-07;1,444;0,139
592;CUST-00592;Enterprise;Retail;2;2020-04-25;12,213;0,02
593;CUST-00593;Mid-Market;Logistics;6;2023-03-28;5,134;0,09
594;CUST-00594;SMB;Technology;1;2023-08-11;1,134;0,159
595;CUST-00595;Mid-Market;Manufacturing;4;2020-04-28;5,147;0,093
596;CUST-00596;SMB;Technology;6;2020-06-09;0,765;0,197
597;CUST-00597;SMB;Retail;2;2020-07-13;0,659;0,184
598;CUST-00598;SMB;Retail;6;2023-03-22;0,4;0,141
599;CUST-00599;SMB;Healthcare;6;2024-01-18;0,706;0,14
600;CUST-00600;SMB;Logistics;6;2022-02-10;0,896;0,198
601;CUST-00601;SMB;Manufacturing;2;2020-04-19;1,518;0,14
602;CUST-00602;Mid-Market;Logistics;4;2021-10-27;5,82;0,091
603;CUST-00603;SMB;Healthcare;6;2021-10-13;0,478;0,108
604;CUST-00604;SMB;Government;3;2020-11-26;0,607;0,176
605;CUST-00605;Mid-Market;Technology;6;2022-09-30;1,264;0,057
606;CUST-00606;Enterprise;Government;1;2022-05-22;6,674;0,02
607;CUST-00607;Distributor;Retail;1;2023-05-09;12,891;0,124
608;CUST-00608;SMB;Government;4;2021-03-02;1,406;0,23
609;CUST-00609;Public Sector;Manufacturing;9;2021-09-24;2,014;0,059
610;CUST-00610;SMB;Government;5;2023-06-13;0,236;0,144
611;CUST-00611;SMB;Manufacturing;1;2022-03-29;1,159;0,208
612;CUST-00612;SMB;Retail;5;2020-06-06;0,792;0,208
613;CUST-00613;Distributor;Education;5;2022-11-04;4,663;0,093
614;CUST-00614;Public Sector;Retail;3;2022-04-07;2,003;0,053
615;CUST-00615;SMB;Technology;6;2023-03-05;0,539;0,215
616;CUST-00616;Mid-Market;Manufacturing;9;2020-04-07;7,69;0,076
617;CUST-00617;Public Sector;Government;1;2020-05-22;2,186;0,056
618;CUST-00618;SMB;Technology;1;2022-06-28;1,048;0,148
619;CUST-00619;SMB;Healthcare;5;2023-04-12;0,64;0,128
620;CUST-00620;Mid-Market;Manufacturing;6;2023-06-01;3,681;0,057
621;CUST-00621;Enterprise;Retail;8;2023-07-08;9,94;0,043
622;CUST-00622;Distributor;Healthcare;6;2020-06-16;2,141;0,13
623;CUST-00623;Distributor;Retail;1;2020-03-28;7,496;0,068
624;CUST-00624;SMB;Retail;2;2023-10-29;0,495;0,168
625;CUST-00625;Mid-Market;Manufacturing;4;2020-04-14;1,71;0,054
626;CUST-00626;SMB;Healthcare;2;2022-05-17;1,973;0,111
627;CUST-00627;Mid-Market;Logistics;5;2023-12-22;3,03;0,07
628;CUST-00628;SMB;Retail;2;2020-01-14;0,559;0,132
629;CUST-00629;SMB;Government;10;2021-12-07;0,705;0,158
630;CUST-00630;Enterprise;Manufacturing;3;2020-01-12;7,045;0,022
631;CUST-00631;SMB;Manufacturing;3;2020-07-16;0,564;0,15
632;CUST-00632;Public Sector;Technology;2;2021-03-28;1,161;0,052
633;CUST-00633;Mid-Market;Logistics;1;2020-12-29;3,953;0,055
634;CUST-00634;Distributor;Technology;1;2021-09-29;7,932;0,077
635;CUST-00635;SMB;Education;1;2021-05-01;0,454;0,129
636;CUST-00636;Mid-Market;Education;9;2023-01-03;6,407;0,082
637;CUST-00637;SMB;Government;5;2022-08-29;1,038;0,149
638;CUST-00638;SMB;Healthcare;5;2023-05-02;1,115;0,144
639;CUST-00639;Public Sector;Education;3;2020-03-03;0,812;0,063
640;CUST-00640;Mid-Market;Technology;9;2023-01-31;3,375;0,059
641;CUST-00641;Mid-Market;Education;3;2020-05-04;2,304;0,083
642;CUST-00642;SMB;Education;4;2022-09-09;2,09;0,142
643;CUST-00643;Distributor;Education;4;2021-09-28;3,182;0,109
644;CUST-00644;Mid-Market;Healthcare;6;2020-11-08;3,949;0,061
645;CUST-00645;SMB;Manufacturing;9;2023-08-16;1,188;0,187
646;CUST-00646;SMB;Healthcare;1;2020-05-25;0,869;0,187
647;CUST-00647;SMB;Technology;1;2023-10-30;0,539;0,139
648;CUST-00648;SMB;Technology;3;2021-12-02;0,566;0,173
649;CUST-00649;SMB;Manufacturing;1;2022-10-04;1,744;0,202
650;CUST-00650;Public Sector;Manufacturing;2;2020-08-15;3,927;0,056
651;CUST-00651;SMB;Government;6;2022-02-08;0,84;0,188
652;CUST-00652;SMB;Government;3;2021-04-15;1,151;0,195
653;CUST-00653;SMB;Technology;9;2022-01-04;2,293;0,21
654;CUST-00654;SMB;Education;5;2021-05-24;1,22;0,179
655;CUST-00655;Public Sector;Technology;3;2022-02-21;1,684;0,064
656;CUST-00656;Distributor;Government;3;2021-09-25;4,267;0,096
657;CUST-00657;SMB;Government;7;2022-02-13;3,351;0,184
658;CUST-00658;SMB;Technology;5;2020-08-02;0,92;0,168
659;CUST-00659;Public Sector;Education;6;2020-09-15;2,191;0,054
660;CUST-00660;Enterprise;Technology;3;2022-02-06;7,575;0,02
661;CUST-00661;SMB;Retail;4;2020-04-26;1,61;0,165
662;CUST-00662;SMB;Government;1;2021-09-08;1,795;0,162
663;CUST-00663;Mid-Market;Manufacturing;5;2022-08-15;2,224;0,068
664;CUST-00664;SMB;Healthcare;2;2022-12-05;0,917;0,173
665;CUST-00665;SMB;Logistics;10;2020-10-27;0,238;0,142
666;CUST-00666;Public Sector;Logistics;5;2021-06-02;3,853;0,059
667;CUST-00667;Distributor;Healthcare;6;2023-03-04;3,507;0,093
668;CUST-00668;Distributor;Healthcare;8;2022-09-05;5,69;0,064
669;CUST-00669;SMB;Education;1;2021-09-09;1,353;0,211
670;CUST-00670;Mid-Market;Healthcare;5;2023-10-27;3,845;0,055
671;CUST-00671;Enterprise;Education;2;2020-04-15;2,115;0,034
672;CUST-00672;SMB;Manufacturing;7;2020-12-12;1,36;0,161
673;CUST-00673;Mid-Market;Retail;6;2020-12-24;6,505;0,052
674;CUST-00674;SMB;Logistics;2;2020-05-03;1,496;0,229
675;CUST-00675;SMB;Healthcare;2;2021-04-06;1,743;0,124
676;CUST-00676;Mid-Market;Logistics;8;2022-12-05;2,296;0,077
677;CUST-00677;Mid-Market;Healthcare;10;2022-11-01;7,488;0,089
678;CUST-00678;Enterprise;Retail;1;2021-12-30;53,472;0,035
679;CUST-00679;Public Sector;Technology;8;2020-07-21;2,528;0,061
680;CUST-00680;Mid-Market;Healthcare;8;2021-04-12;7,789;0,09
681;CUST-00681;Mid-Market;Manufacturing;1;2020-08-17;4,269;0,093
682;CUST-00682;Enterprise;Technology;1;2022-04-20;3,854;0,026
683;CUST-00683;Distributor;Manufacturing;9;2021-10-14;2,942;0,108
684;CUST-00684;SMB;Education;4;2022-01-16;1,396;0,201
685;CUST-00685;Distributor;Education;4;2020-07-10;3,052;0,074
686;CUST-00686;Enterprise;Education;4;2023-11-10;5,193;0,036
687;CUST-00687;Enterprise;Logistics;3;2020-07-11;7,874;0,041
688;CUST-00688;Mid-Market;Manufacturing;9;2024-02-05;11,242;0,079
689;CUST-00689;Enterprise;Healthcare;1;2020-10-19;16,153;0,039
690;CUST-00690;SMB;Logistics;4;2020-09-18;1,191;0,192
691;CUST-00691;SMB;Government;6;2020-10-07;2,147;0,106
692;CUST-00692;Mid-Market;Retail;5;2020-09-26;2,897;0,081
693;CUST-00693;SMB;Manufacturing;7;2020-12-15;0,936;0,183
694;CUST-00694;Distributor;Education;7;2020-01-31;4,447;0,118
695;CUST-00695;SMB;Healthcare;6;2022-10-17;0,684;0,175
696;CUST-00696;Enterprise;Education;7;2021-07-19;13,16;0,022
697;CUST-00697;Distributor;Technology;1;2023-08-06;10,814;0,064
698;CUST-00698;Enterprise;Technology;1;2023-04-08;11,38;0,023
699;CUST-00699;Mid-Market;Manufacturing;5;2020-05-05;1,966;0,099
700;CUST-00700;SMB;Technology;8;2022-12-27;1,317;0,127
701;CUST-00701;Enterprise;Healthcare;6;2022-05-29;10,431;0,036
702;CUST-00702;Distributor;Technology;3;2022-11-15;10,17;0,076
703;CUST-00703;SMB;Government;6;2023-08-30;0,774;0,165
704;CUST-00704;SMB;Technology;1;2022-12-09;1,207;0,119
705;CUST-00705;SMB;Logistics;1;2023-11-11;1,242;0,197
706;CUST-00706;Mid-Market;Healthcare;9;2020-12-05;3,068;0,063
707;CUST-00707;Mid-Market;Education;4;2020-06-07;5,428;0,062
708;CUST-00708;Mid-Market;Logistics;6;2020-08-08;2,408;0,088
709;CUST-00709;SMB;Retail;6;2020-03-14;0,621;0,127
710;CUST-00710;SMB;Education;1;2023-06-25;0,696;0,2
711;CUST-00711;Enterprise;Technology;2;2023-03-05;5,377;0,042
712;CUST-00712;Mid-Market;Manufacturing;8;2023-02-08;11,058;0,048
713;CUST-00713;SMB;Manufacturing;1;2022-07-30;1,024;0,106
714;CUST-00714;Enterprise;Retail;5;2021-03-07;5,938;0,034
715;CUST-00715;Mid-Market;Retail;6;2021-01-16;1,537;0,053
716;CUST-00716;Mid-Market;Retail;1;2023-12-13;4,537;0,092
717;CUST-00717;Mid-Market;Technology;5;2020-01-09;8,113;0,059
718;CUST-00718;Mid-Market;Healthcare;3;2021-11-16;2,701;0,095
719;CUST-00719;Distributor;Technology;1;2023-09-18;5,26;0,094
720;CUST-00720;SMB;Education;1;2020-07-15;0,289;0,188
721;CUST-00721;SMB;Retail;5;2020-12-19;1,05;0,179
722;CUST-00722;Enterprise;Retail;8;2022-12-31;6,554;0,027
723;CUST-00723;Distributor;Manufacturing;1;2023-07-21;4,488;0,106
724;CUST-00724;Distributor;Government;2;2020-05-20;4,984;0,105
725;CUST-00725;Enterprise;Logistics;5;2020-06-17;4,282;0,025
726;CUST-00726;Public Sector;Technology;10;2021-11-03;2,232;0,064
727;CUST-00727;Mid-Market;Manufacturing;8;2022-07-13;4,544;0,052
728;CUST-00728;Mid-Market;Technology;5;2024-02-05;4,898;0,101
729;CUST-00729;Enterprise;Retail;2;2020-01-25;4,428;0,031
730;CUST-00730;Public Sector;Healthcare;7;2021-10-30;1,859;0,057
731;CUST-00731;SMB;Retail;1;2021-11-19;0,686;0,128
732;CUST-00732;SMB;Logistics;3;2023-02-01;1,144;0,216
733;CUST-00733;Mid-Market;Retail;1;2020-12-09;5,277;0,062
734;CUST-00734;SMB;Healthcare;2;2023-01-05;1,187;0,203
735;CUST-00735;Public Sector;Technology;6;2020-02-15;1,098;0,06
736;CUST-00736;Mid-Market;Education;5;2022-10-08;1,629;0,082
737;CUST-00737;SMB;Healthcare;5;2020-06-20;1,338;0,215
738;CUST-00738;Mid-Market;Healthcare;3;2023-10-13;2,774;0,101
739;CUST-00739;SMB;Manufacturing;3;2022-02-25;0,305;0,136
740;CUST-00740;SMB;Healthcare;2;2020-11-24;1,263;0,104
741;CUST-00741;SMB;Education;2;2020-08-19;0,873;0,197
742;CUST-00742;Enterprise;Government;6;2022-08-29;5,683;0,026
743;CUST-00743;Public Sector;Logistics;1;2022-04-25;2,331;0,034
744;CUST-00744;SMB;Retail;5;2022-01-21;0,993;0,125
745;CUST-00745;Mid-Market;Manufacturing;8;2023-06-17;2,317;0,05
746;CUST-00746;SMB;Logistics;1;2022-10-17;1,152;0,213
747;CUST-00747;Distributor;Education;6;2022-03-24;5,375;0,124
748;CUST-00748;SMB;Manufacturing;9;2023-07-01;2,538;0,197
749;CUST-00749;Mid-Market;Government;2;2020-07-17;2,129;0,056
750;CUST-00750;Mid-Market;Logistics;4;2021-11-12;2,69;0,101
751;CUST-00751;SMB;Retail;6;2023-01-23;1,817;0,132
752;CUST-00752;Enterprise;Government;10;2020-08-17;12,082;0,036
753;CUST-00753;SMB;Retail;3;2022-04-07;0,911;0,174
754;CUST-00754;SMB;Manufacturing;5;2021-02-28;1,561;0,186
755;CUST-00755;Distributor;Logistics;1;2022-08-09;8,471;0,082
756;CUST-00756;Mid-Market;Manufacturing;2;2021-07-02;6,199;0,064
757;CUST-00757;Mid-Market;Healthcare;6;2023-12-11;7,691;0,084
758;CUST-00758;Mid-Market;Manufacturing;2;2022-03-31;3,485;0,072
759;CUST-00759;Enterprise;Government;2;2022-05-06;11,696;0,025
760;CUST-00760;Mid-Market;Education;4;2020-10-28;4,775;0,053
761;CUST-00761;Mid-Market;Government;4;2023-04-02;3,773;0,052
762;CUST-00762;SMB;Logistics;1;2021-03-09;1,218;0,162
763;CUST-00763;Enterprise;Retail;5;2020-06-05;12,364;0,028
764;CUST-00764;Public Sector;Manufacturing;2;2022-10-24;1,603;0,034
765;CUST-00765;Mid-Market;Healthcare;6;2022-10-14;0,646;0,053
766;CUST-00766;Enterprise;Government;8;2022-12-11;10,224;0,038
767;CUST-00767;SMB;Retail;10;2021-05-09;1,187;0,162
768;CUST-00768;Public Sector;Technology;6;2020-01-08;0,628;0,062
769;CUST-00769;Public Sector;Logistics;4;2021-07-28;2,605;0,052
770;CUST-00770;SMB;Government;7;2021-12-18;2,284;0,148
771;CUST-00771;Mid-Market;Retail;1;2023-06-17;8,191;0,069
772;CUST-00772;Mid-Market;Education;3;2021-12-06;5,308;0,08
773;CUST-00773;Distributor;Manufacturing;5;2020-04-05;15,557;0,101
774;CUST-00774;SMB;Technology;1;2021-09-19;0,938;0,138
775;CUST-00775;SMB;Retail;1;2023-02-25;0,788;0,137
776;CUST-00776;SMB;Retail;4;2020-08-29;0,739;0,148
777;CUST-00777;Mid-Market;Education;9;2021-07-24;4,844;0,048
778;CUST-00778;Mid-Market;Manufacturing;6;2022-06-02;9,626;0,089
779;CUST-00779;Mid-Market;Healthcare;1;2020-12-04;1,983;0,08
780;CUST-00780;Public Sector;Manufacturing;1;2023-10-12;2,851;0,047
781;CUST-00781;SMB;Technology;9;2020-11-14;0,717;0,231
782;CUST-00782;Enterprise;Technology;9;2021-04-28;7,816;0,042
783;CUST-00783;SMB;Manufacturing;4;2022-10-11;0,878;0,177
784;CUST-00784;Mid-Market;Logistics;6;2020-03-07;3,792;0,046
785;CUST-00785;SMB;Healthcare;1;2023-03-29;0,595;0,114
786;CUST-00786;Mid-Market;Retail;6;2022-04-06;14,001;0,097
787;CUST-00787;SMB;Government;10;2023-11-26;0,649;0,2
788;CUST-00788;Mid-Market;Technology;6;2021-11-12;3,804;0,061
789;CUST-00789;Distributor;Manufacturing;3;2020-12-15;3,28;0,093
790;CUST-00790;Public Sector;Technology;7;2022-04-30;1,705;0,034
791;CUST-00791;SMB;Education;8;2023-12-22;0,898;0,18
792;CUST-00792;SMB;Technology;5;2020-09-25;0,665;0,169
793;CUST-00793;Distributor;Healthcare;4;2020-02-13;9,957;0,095
794;CUST-00794;SMB;Education;5;2021-06-21;1,159;0,189
795;CUST-00795;SMB;Retail;4;2021-03-18;0,642;0,157
796;CUST-00796;Public Sector;Logistics;9;2020-10-04;1,477;0,06
797;CUST-00797;SMB;Education;3;2022-10-11;1,171;0,105
798;CUST-00798;Mid-Market;Government;1;2020-01-24;2,877;0,061
799;CUST-00799;SMB;Retail;4;2020-01-10;1,196;0,188
800;CUST-00800;Mid-Market;Manufacturing;7;2020-02-22;1,021;0,091
801;CUST-00801;Mid-Market;Government;1;2020-07-13;5,474;0,081
802;CUST-00802;Enterprise;Technology;2;2023-04-26;7,662;0,026
803;CUST-00803;SMB;Healthcare;6;2023-09-27;0,561;0,134
804;CUST-00804;SMB;Technology;6;2021-06-08;0,456;0,193
805;CUST-00805;SMB;Technology;5;2021-03-13;0,581;0,191
806;CUST-00806;Mid-Market;Manufacturing;3;2022-06-16;8,468;0,079
807;CUST-00807;Mid-Market;Education;8;2020-07-10;1,535;0,084
808;CUST-00808;Mid-Market;Manufacturing;10;2021-04-29;2,902;0,07
809;CUST-00809;Mid-Market;Technology;6;2020-10-27;1,707;0,074
810;CUST-00810;Distributor;Technology;7;2022-12-04;3,446;0,071
811;CUST-00811;Public Sector;Logistics;6;2024-01-24;2,416;0,037
812;CUST-00812;SMB;Healthcare;2;2023-04-13;1,497;0,154
813;CUST-00813;Distributor;Education;3;2020-04-07;8,76;0,125
814;CUST-00814;SMB;Manufacturing;3;2022-09-14;1,348;0,217
815;CUST-00815;SMB;Manufacturing;3;2023-06-27;2,966;0,196
816;CUST-00816;Mid-Market;Logistics;7;2023-07-20;2,829;0,06
817;CUST-00817;SMB;Retail;1;2023-03-16;2,814;0,185
818;CUST-00818;Mid-Market;Healthcare;8;2021-07-27;2,418;0,101
819;CUST-00819;SMB;Logistics;8;2020-03-13;0,78;0,188
820;CUST-00820;SMB;Education;2;2021-03-02;0,343;0,23
821;CUST-00821;Mid-Market;Government;2;2021-10-10;1,156;0,066
822;CUST-00822;SMB;Manufacturing;1;2022-11-18;0,576;0,135
823;CUST-00823;Mid-Market;Retail;1;2020-01-18;5,749;0,047
824;CUST-00824;SMB;Healthcare;6;2023-04-28;0,895;0,216
825;CUST-00825;SMB;Technology;4;2020-03-30;0,447;0,208
826;CUST-00826;Distributor;Manufacturing;9;2023-02-26;7,631;0,07
827;CUST-00827;Mid-Market;Logistics;3;2022-06-22;2,134;0,097
828;CUST-00828;Enterprise;Education;1;2021-05-28;8,834;0,028
829;CUST-00829;SMB;Manufacturing;2;2023-10-07;1,674;0,149
830;CUST-00830;SMB;Logistics;2;2022-02-19;1,161;0,125
831;CUST-00831;Enterprise;Education;4;2022-09-07;9,059;0,036
832;CUST-00832;SMB;Technology;2;2022-07-07;0,446;0,197
833;CUST-00833;Mid-Market;Technology;3;2023-07-09;4,908;0,079
834;CUST-00834;SMB;Education;9;2021-07-12;1,04;0,185
835;CUST-00835;SMB;Technology;6;2023-03-29;1,54;0,18
836;CUST-00836;Enterprise;Education;1;2023-06-29;10,535;0,032
837;CUST-00837;SMB;Government;2;2021-07-05;0,386;0,217
838;CUST-00838;SMB;Manufacturing;2;2020-11-23;1,577;0,155
839;CUST-00839;Mid-Market;Manufacturing;10;2022-06-17;6,757;0,054
840;CUST-00840;Distributor;Retail;2;2023-09-01;3,332;0,067
841;CUST-00841;Public Sector;Technology;2;2020-03-25;2,764;0,057
842;CUST-00842;Enterprise;Manufacturing;1;2022-12-23;6,005;0,023
843;CUST-00843;Distributor;Logistics;5;2024-01-12;11,782;0,078
844;CUST-00844;SMB;Retail;3;2021-09-11;0,634;0,169
845;CUST-00845;Distributor;Technology;2;2021-08-20;5,748;0,084
846;CUST-00846;SMB;Logistics;1;2021-09-13;1,411;0,111
847;CUST-00847;Distributor;Education;4;2022-02-15;4,391;0,126
848;CUST-00848;Mid-Market;Education;4;2020-01-27;1,609;0,066
849;CUST-00849;Distributor;Logistics;5;2020-01-23;5,967;0,118
850;CUST-00850;Public Sector;Retail;5;2023-05-13;2,673;0,057
851;CUST-00851;Public Sector;Manufacturing;4;2023-07-11;2,974;0,053
852;CUST-00852;Public Sector;Logistics;1;2021-09-26;2,315;0,07
853;CUST-00853;Enterprise;Logistics;9;2020-09-27;6,624;0,021
854;CUST-00854;SMB;Retail;6;2022-04-19;0,848;0,175
855;CUST-00855;SMB;Technology;1;2022-08-24;0,403;0,221
856;CUST-00856;Distributor;Manufacturing;3;2023-10-27;2,734;0,093
857;CUST-00857;Public Sector;Healthcare;5;2022-02-26;1,906;0,042
858;CUST-00858;Public Sector;Technology;6;2020-02-27;1,566;0,07
859;CUST-00859;Mid-Market;Government;8;2020-04-26;0,827;0,096
860;CUST-00860;Mid-Market;Healthcare;6;2020-08-06;6,631;0,058
861;CUST-00861;Enterprise;Retail;1;2021-09-22;3,562;0,03
862;CUST-00862;Mid-Market;Government;10;2021-12-29;3,511;0,069
863;CUST-00863;SMB;Retail;6;2022-01-21;2,127;0,12
864;CUST-00864;Mid-Market;Logistics;6;2023-06-11;6,132;0,048
865;CUST-00865;Mid-Market;Manufacturing;1;2021-01-05;3,561;0,074
866;CUST-00866;SMB;Retail;6;2022-04-07;1,019;0,19
867;CUST-00867;Enterprise;Healthcare;8;2021-05-09;6,801;0,041
868;CUST-00868;SMB;Logistics;6;2020-11-07;1,956;0,19
869;CUST-00869;Distributor;Technology;10;2022-10-04;10,871;0,113
870;CUST-00870;SMB;Manufacturing;2;2022-11-06;0,686;0,163
871;CUST-00871;Mid-Market;Healthcare;1;2024-01-15;5,173;0,05
872;CUST-00872;Enterprise;Manufacturing;4;2023-07-27;24,438;0,041
873;CUST-00873;SMB;Retail;4;2020-12-29;1,323;0,141
874;CUST-00874;Mid-Market;Technology;1;2021-06-01;1,995;0,051
875;CUST-00875;SMB;Healthcare;4;2023-11-04;1,02;0,129
876;CUST-00876;Mid-Market;Government;8;2020-01-28;4,892;0,068
877;CUST-00877;SMB;Manufacturing;6;2022-12-27;2,473;0,16
878;CUST-00878;SMB;Retail;1;2023-12-30;1,433;0,137
879;CUST-00879;SMB;Technology;6;2020-03-06;0,755;0,117
880;CUST-00880;Public Sector;Healthcare;4;2022-09-09;2,51;0,065
881;CUST-00881;SMB;Logistics;8;2024-02-04;0,743;0,159
882;CUST-00882;Mid-Market;Logistics;6;2021-05-10;4,53;0,095
883;CUST-00883;Mid-Market;Retail;1;2023-01-02;1,388;0,097
884;CUST-00884;SMB;Government;10;2022-09-12;0,488;0,214
885;CUST-00885;Mid-Market;Logistics;7;2023-10-07;5,036;0,055
886;CUST-00886;SMB;Retail;10;2021-05-05;0,312;0,152
887;CUST-00887;Mid-Market;Education;1;2020-09-24;2,127;0,063
888;CUST-00888;SMB;Technology;3;2022-08-08;3,413;0,19
889;CUST-00889;SMB;Government;6;2021-02-26;3,105;0,138
890;CUST-00890;Enterprise;Logistics;5;2020-04-20;5,547;0,028
891;CUST-00891;Enterprise;Government;6;2020-02-26;9,888;0,024
892;CUST-00892;Mid-Market;Manufacturing;4;2024-02-01;5,295;0,081
893;CUST-00893;Mid-Market;Healthcare;4;2022-03-21;4,191;0,068
894;CUST-00894;Mid-Market;Logistics;1;2023-04-06;1,837;0,048
895;CUST-00895;Mid-Market;Logistics;1;2023-10-14;2,092;0,07
896;CUST-00896;Mid-Market;Education;7;2021-01-27;2,019;0,055
897;CUST-00897;Mid-Market;Logistics;7;2021-05-12;2,587;0,092
898;CUST-00898;Mid-Market;Healthcare;3;2022-11-11;6,759;0,078
899;CUST-00899;Mid-Market;Education;1;2022-11-13;7,37;0,083
900;CUST-00900;Mid-Market;Education;9;2021-09-14;3,008;0,082
901;CUST-00901;Distributor;Logistics;9;2022-07-30;4,083;0,085
902;CUST-00902;Public Sector;Healthcare;6;2020-02-16;2,887;0,069
903;CUST-00903;Distributor;Retail;10;2020-12-21;8,487;0,118
904;CUST-00904;Mid-Market;Government;1;2022-01-05;3,083;0,079
905;CUST-00905;SMB;Manufacturing;6;2021-03-22;2,191;0,132
906;CUST-00906;Public Sector;Logistics;2;2023-04-26;3,137;0,04
907;CUST-00907;Mid-Market;Healthcare;7;2022-09-19;5,752;0,071
908;CUST-00908;Distributor;Retail;5;2021-10-18;2,401;0,092
909;CUST-00909;SMB;Retail;4;2021-04-08;1,84;0,192
910;CUST-00910;Enterprise;Manufacturing;6;2021-01-23;8,561;0,023
911;CUST-00911;SMB;Retail;6;2022-01-29;1,234;0,133
912;CUST-00912;Public Sector;Education;2;2020-06-13;1,427;0,04
913;CUST-00913;SMB;Healthcare;4;2021-05-16;0,61;0,123
914;CUST-00914;Mid-Market;Technology;3;2024-02-08;2,329;0,046
915;CUST-00915;Distributor;Government;6;2023-10-17;3,524;0,125
916;CUST-00916;SMB;Technology;3;2020-01-18;1,077;0,159
917;CUST-00917;SMB;Education;1;2022-01-30;0,566;0,225
918;CUST-00918;Mid-Market;Education;1;2021-07-18;5,313;0,087
919;CUST-00919;Distributor;Education;2;2020-12-30;2,375;0,097
920;CUST-00920;SMB;Logistics;1;2020-02-28;3,042;0,126
921;CUST-00921;Distributor;Manufacturing;5;2020-09-21;6,85;0,072
922;CUST-00922;Enterprise;Healthcare;6;2022-08-05;12,392;0,037
923;CUST-00923;Enterprise;Education;8;2020-08-03;8,933;0,032
924;CUST-00924;Enterprise;Healthcare;6;2022-08-26;4,166;0,024
925;CUST-00925;SMB;Manufacturing;1;2023-10-13;1,177;0,177
926;CUST-00926;Distributor;Healthcare;1;2020-05-12;8,866;0,085
927;CUST-00927;Distributor;Government;9;2023-03-07;4,174;0,088
928;CUST-00928;SMB;Logistics;3;2023-10-06;2,995;0,145
929;CUST-00929;Public Sector;Government;2;2023-10-05;3,626;0,033
930;CUST-00930;Mid-Market;Technology;1;2022-08-10;5,733;0,081
931;CUST-00931;Public Sector;Manufacturing;3;2020-02-16;2,091;0,064
932;CUST-00932;SMB;Technology;1;2022-09-25;1,232;0,146
933;CUST-00933;Enterprise;Manufacturing;10;2022-07-20;4,795;0,023
934;CUST-00934;SMB;Manufacturing;4;2021-03-04;0,704;0,19
935;CUST-00935;Mid-Market;Retail;9;2023-10-28;6,682;0,065
936;CUST-00936;Public Sector;Retail;5;2023-06-10;1,159;0,063
937;CUST-00937;Mid-Market;Retail;6;2021-12-20;3,56;0,099
938;CUST-00938;SMB;Logistics;6;2021-10-14;0,745;0,141
939;CUST-00939;Distributor;Logistics;6;2023-02-24;9,318;0,079
940;CUST-00940;Enterprise;Manufacturing;3;2022-07-15;7,253;0,041
941;CUST-00941;Mid-Market;Logistics;3;2021-06-01;3,696;0,098
942;CUST-00942;Mid-Market;Manufacturing;1;2021-02-06;1,925;0,059
943;CUST-00943;SMB;Manufacturing;1;2023-01-09;0,959;0,123
944;CUST-00944;Enterprise;Government;5;2021-06-03;11,938;0,023
945;CUST-00945;Distributor;Education;6;2020-12-12;5,398;0,109
946;CUST-00946;Mid-Market;Education;3;2023-11-30;9,203;0,099
947;CUST-00947;SMB;Technology;3;2022-05-11;2,016;0,159
948;CUST-00948;Public Sector;Healthcare;6;2022-05-12;1,337;0,058
949;CUST-00949;Distributor;Logistics;4;2020-09-27;12,391;0,097
950;CUST-00950;Enterprise;Government;9;2021-11-08;10,381;0,033
951;CUST-00951;Enterprise;Technology;6;2022-04-06;11,347;0,021
952;CUST-00952;SMB;Logistics;2;2023-10-19;1,009;0,133
953;CUST-00953;SMB;Logistics;8;2023-12-26;0,679;0,161
954;CUST-00954;Mid-Market;Logistics;6;2020-09-03;3,123;0,08
955;CUST-00955;SMB;Healthcare;7;2020-05-01;1,383;0,158
956;CUST-00956;Mid-Market;Healthcare;4;2020-08-13;1,921;0,083
957;CUST-00957;Mid-Market;Healthcare;6;2022-01-05;1,784;0,067
958;CUST-00958;Public Sector;Retail;7;2020-03-19;1,028;0,036
959;CUST-00959;SMB;Government;2;2024-01-17;2,19;0,18
960;CUST-00960;Mid-Market;Manufacturing;2;2023-12-12;2,247;0,09
961;CUST-00961;Mid-Market;Retail;7;2023-01-17;3,944;0,075
962;CUST-00962;Mid-Market;Logistics;2;2024-01-29;3,417;0,095
963;CUST-00963;SMB;Logistics;8;2023-12-25;0,297;0,15
964;CUST-00964;SMB;Government;5;2022-07-24;1,393;0,178
965;CUST-00965;SMB;Government;3;2023-06-13;1,721;0,126
966;CUST-00966;SMB;Healthcare;4;2023-06-02;1,361;0,129
967;CUST-00967;SMB;Technology;9;2021-01-12;1,312;0,172
968;CUST-00968;Public Sector;Retail;7;2020-01-09;9,436;0,069
969;CUST-00969;Public Sector;Education;1;2021-06-02;5,018;0,035
970;CUST-00970;SMB;Retail;5;2020-05-14;0,828;0,211
971;CUST-00971;Enterprise;Education;6;2022-03-25;9,997;0,043
972;CUST-00972;SMB;Manufacturing;1;2021-08-25;1,31;0,232
973;CUST-00973;Enterprise;Education;1;2023-01-07;5,865;0,021
974;CUST-00974;Distributor;Government;8;2023-03-07;6,04;0,082
975;CUST-00975;Distributor;Manufacturing;3;2020-08-16;4,959;0,108
976;CUST-00976;Distributor;Government;1;2022-01-03;11,507;0,107
977;CUST-00977;Distributor;Education;3;2020-12-23;4,883;0,115
978;CUST-00978;Distributor;Healthcare;6;2022-01-30;3,759;0,127
979;CUST-00979;Distributor;Healthcare;10;2020-12-12;5,185;0,113
980;CUST-00980;SMB;Logistics;1;2021-05-02;1,11;0,167
981;CUST-00981;Mid-Market;Healthcare;1;2022-10-19;4,367;0,087
982;CUST-00982;Distributor;Retail;4;2022-10-23;15,796;0,103
983;CUST-00983;Mid-Market;Education;7;2023-05-07;3,483;0,059
984;CUST-00984;SMB;Healthcare;2;2021-07-01;1,379;0,174
985;CUST-00985;SMB;Government;1;2021-07-28;1,861;0,164
986;CUST-00986;Public Sector;Education;2;2020-05-15;2,459;0,065
987;CUST-00987;Public Sector;Education;4;2023-02-11;1,775;0,038
988;CUST-00988;Enterprise;Logistics;7;2020-06-02;8,778;0,041
989;CUST-00989;SMB;Retail;4;2023-08-29;1,735;0,201
990;CUST-00990;SMB;Education;5;2021-05-23;1,333;0,21
991;CUST-00991;Enterprise;Technology;7;2023-05-08;6,679;0,036
992;CUST-00992;SMB;Education;5;2022-06-24;1,596;0,13
993;CUST-00993;Mid-Market;Logistics;4;2022-01-27;2,026;0,086
994;CUST-00994;Mid-Market;Manufacturing;3;2022-01-14;2,138;0,059
995;CUST-00995;SMB;Logistics;7;2021-08-08;1,437;0,147
996;CUST-00996;SMB;Healthcare;5;2020-12-12;0,362;0,17
997;CUST-00997;SMB;Retail;2;2021-02-12;0,579;0,139
998;CUST-00998;SMB;Government;4;2020-06-07;0,645;0,132
999;CUST-00999;Enterprise;Government;7;2022-10-17;3,49;0,02
1000;CUST-01000;Mid-Market;Education;1;2022-07-23;4,539;0,074
1001;CUST-01001;SMB;Logistics;2;2021-12-06;1,087;0,187
1002;CUST-01002;SMB;Retail;6;2022-05-19;0,48;0,196
1003;CUST-01003;Mid-Market;Logistics;2;2022-06-29;2,909;0,052
1004;CUST-01004;Mid-Market;Technology;1;2020-06-15;6,532;0,055
1005;CUST-01005;SMB;Retail;2;2020-11-03;1,332;0,205
1006;CUST-01006;Distributor;Healthcare;5;2021-07-24;5,121;0,07
1007;CUST-01007;Public Sector;Government;1;2020-06-25;1,485;0,053
1008;CUST-01008;Public Sector;Education;1;2022-11-15;0,368;0,066
1009;CUST-01009;SMB;Education;1;2020-11-04;0,826;0,122
1010;CUST-01010;Public Sector;Government;4;2021-02-05;2,606;0,057
1011;CUST-01011;Mid-Market;Government;1;2022-12-15;14,139;0,075
1012;CUST-01012;Mid-Market;Logistics;2;2022-04-16;2,517;0,089
1013;CUST-01013;Public Sector;Technology;3;2022-03-10;2,327;0,062
1014;CUST-01014;Mid-Market;Manufacturing;5;2021-12-16;7,455;0,091
1015;CUST-01015;Public Sector;Government;1;2020-06-20;1,39;0,045
1016;CUST-01016;Mid-Market;Technology;2;2020-12-08;2,285;0,068
1017;CUST-01017;SMB;Logistics;8;2020-12-08;1,849;0,123
1018;CUST-01018;Public Sector;Manufacturing;1;2021-12-08;1,762;0,059
1019;CUST-01019;Mid-Market;Retail;6;2023-09-24;5,69;0,071
1020;CUST-01020;Enterprise;Logistics;4;2020-11-12;10,182;0,021
1021;CUST-01021;SMB;Healthcare;3;2023-07-14;0,894;0,168
1022;CUST-01022;Mid-Market;Manufacturing;6;2020-12-01;2,822;0,062
1023;CUST-01023;SMB;Retail;7;2021-03-21;0,64;0,173
1024;CUST-01024;Distributor;Manufacturing;10;2022-10-17;5,396;0,083
1025;CUST-01025;Mid-Market;Technology;6;2023-09-21;4,557;0,092
1026;CUST-01026;Mid-Market;Retail;6;2022-10-15;4,788;0,067
1027;CUST-01027;Distributor;Healthcare;5;2022-08-27;2,471;0,128
1028;CUST-01028;Distributor;Retail;5;2020-05-17;10,278;0,117
1029;CUST-01029;Public Sector;Technology;8;2022-01-31;3,13;0,035
1030;CUST-01030;SMB;Education;6;2024-01-12;1,288;0,214
1031;CUST-01031;SMB;Healthcare;6;2023-10-12;1,012;0,119
1032;CUST-01032;Enterprise;Education;1;2021-10-30;16,186;0,042
1033;CUST-01033;Distributor;Healthcare;9;2023-01-03;5,322;0,119
1034;CUST-01034;Public Sector;Healthcare;1;2022-12-25;3,931;0,039
1035;CUST-01035;Mid-Market;Healthcare;4;2021-01-24;3,048;0,101
1036;CUST-01036;Public Sector;Manufacturing;9;2020-09-16;6,026;0,05
1037;CUST-01037;SMB;Education;1;2023-01-31;0,915;0,154
1038;CUST-01038;Enterprise;Technology;2;2021-10-14;4,97;0,033
1039;CUST-01039;Public Sector;Healthcare;2;2021-01-29;3,292;0,038
1040;CUST-01040;SMB;Government;8;2020-06-12;1,079;0,156
1041;CUST-01041;Mid-Market;Retail;4;2023-05-29;15,542;0,073
1042;CUST-01042;Mid-Market;Healthcare;2;2022-06-04;5,728;0,048
1043;CUST-01043;Enterprise;Education;2;2020-06-02;6,995;0,035
1044;CUST-01044;Mid-Market;Education;1;2020-06-09;5,328;0,047
1045;CUST-01045;SMB;Healthcare;1;2023-11-14;1,44;0,167
1046;CUST-01046;Mid-Market;Education;3;2020-02-21;2,147;0,052
1047;CUST-01047;SMB;Government;6;2020-09-21;0,37;0,173
1048;CUST-01048;SMB;Technology;1;2022-03-14;1,536;0,212
1049;CUST-01049;Public Sector;Government;4;2023-08-17;5,77;0,038
1050;CUST-01050;Mid-Market;Healthcare;6;2022-07-13;3,34;0,06
1051;CUST-01051;Distributor;Education;4;2020-04-20;4,927;0,068
1052;CUST-01052;Public Sector;Healthcare;1;2020-12-10;1,759;0,06
1053;CUST-01053;Mid-Market;Retail;1;2021-01-06;3,124;0,075
1054;CUST-01054;Enterprise;Logistics;2;2021-05-14;6,139;0,026
1055;CUST-01055;Mid-Market;Government;2;2021-02-13;4,001;0,056
1056;CUST-01056;SMB;Manufacturing;2;2023-02-03;2,429;0,186
1057;CUST-01057;SMB;Education;6;2021-08-18;1,608;0,222
1058;CUST-01058;SMB;Education;8;2021-03-09;0,458;0,14
1059;CUST-01059;SMB;Technology;1;2022-04-02;1,522;0,105
1060;CUST-01060;Distributor;Technology;6;2020-01-09;2,395;0,1
1061;CUST-01061;Distributor;Logistics;6;2022-08-16;5,074;0,109
1062;CUST-01062;Distributor;Retail;4;2022-04-23;3,86;0,089
1063;CUST-01063;Distributor;Retail;6;2022-06-05;12,143;0,09
1064;CUST-01064;Enterprise;Education;5;2021-08-04;10,789;0,024
1065;CUST-01065;SMB;Manufacturing;6;2020-07-13;0,477;0,182
1066;CUST-01066;Public Sector;Manufacturing;1;2023-08-10;1,79;0,034
1067;CUST-01067;SMB;Manufacturing;7;2022-06-27;0,518;0,231
1068;CUST-01068;SMB;Technology;5;2021-04-09;1,425;0,123
1069;CUST-01069;SMB;Retail;4;2020-04-28;0,751;0,212
1070;CUST-01070;Enterprise;Retail;7;2021-06-01;10,527;0,025
1071;CUST-01071;Mid-Market;Logistics;5;2021-06-04;1,856;0,07
1072;CUST-01072;SMB;Technology;2;2021-02-17;1,173;0,169
1073;CUST-01073;Enterprise;Retail;5;2020-08-20;24,728;0,03
1074;CUST-01074;Distributor;Education;5;2023-12-15;3,001;0,084
1075;CUST-01075;Enterprise;Logistics;4;2023-05-23;21,673;0,033
1076;CUST-01076;SMB;Healthcare;1;2021-10-01;0,752;0,125
1077;CUST-01077;Enterprise;Government;9;2022-08-05;13,854;0,029
1078;CUST-01078;Public Sector;Technology;2;2021-11-26;6,257;0,069
1079;CUST-01079;Distributor;Healthcare;6;2023-05-23;11,274;0,076
1080;CUST-01080;Distributor;Healthcare;1;2022-09-14;3,74;0,091
1081;CUST-01081;Public Sector;Education;1;2020-08-23;1,84;0,034
1082;CUST-01082;SMB;Logistics;2;2022-07-13;0,865;0,109
1083;CUST-01083;SMB;Logistics;2;2022-09-12;2,029;0,203
1084;CUST-01084;Mid-Market;Healthcare;3;2021-11-21;1,559;0,077
1085;CUST-01085;SMB;Retail;10;2021-02-07;0,928;0,196
1086;CUST-01086;Distributor;Government;9;2023-11-23;5,372;0,116
1087;CUST-01087;Public Sector;Manufacturing;6;2023-02-20;0,773;0,041
1088;CUST-01088;SMB;Manufacturing;5;2022-06-24;0,644;0,115
1089;CUST-01089;SMB;Retail;8;2020-04-12;0,401;0,124
1090;CUST-01090;Public Sector;Manufacturing;10;2023-08-23;1,691;0,053
1091;CUST-01091;SMB;Technology;6;2023-08-14;1,445;0,134
1092;CUST-01092;Mid-Market;Healthcare;8;2021-02-21;1,267;0,056
1093;CUST-01093;Public Sector;Retail;5;2021-01-27;1,573;0,053
1094;CUST-01094;SMB;Retail;7;2023-07-25;1,592;0,147
1095;CUST-01095;Mid-Market;Government;6;2022-03-01;3,97;0,095
1096;CUST-01096;SMB;Logistics;2;2023-08-08;1,6;0,197
1097;CUST-01097;SMB;Education;6;2023-09-29;0,778;0,202
1098;CUST-01098;SMB;Technology;2;2023-08-18;0,581;0,225
1099;CUST-01099;SMB;Retail;4;2022-04-29;1,083;0,171
1100;CUST-01100;Mid-Market;Retail;8;2023-09-14;2,286;0,057
1101;CUST-01101;SMB;Government;6;2021-11-17;0,709;0,229
1102;CUST-01102;SMB;Manufacturing;2;2022-08-21;0,853;0,216
1103;CUST-01103;Mid-Market;Logistics;4;2022-02-08;7,922;0,082
1104;CUST-01104;SMB;Government;1;2020-10-08;0,849;0,12
1105;CUST-01105;Distributor;Healthcare;2;2021-09-20;5,531;0,081
1106;CUST-01106;Mid-Market;Education;6;2020-04-09;3,071;0,054
1107;CUST-01107;SMB;Manufacturing;8;2023-08-08;1,868;0,104
1108;CUST-01108;SMB;Education;2;2020-06-25;1,995;0,131
1109;CUST-01109;SMB;Healthcare;2;2021-09-24;0,863;0,16
1110;CUST-01110;Distributor;Manufacturing;5;2023-10-28;9,156;0,073
1111;CUST-01111;Public Sector;Retail;6;2020-06-26;1,761;0,059
1112;CUST-01112;Public Sector;Healthcare;1;2023-10-02;1,277;0,048
1113;CUST-01113;SMB;Retail;1;2023-10-21;1,228;0,118
1114;CUST-01114;Distributor;Retail;6;2022-08-23;5,151;0,081
1115;CUST-01115;Public Sector;Technology;5;2023-01-26;3,272;0,066
1116;CUST-01116;Public Sector;Manufacturing;2;2020-01-28;1,187;0,051
1117;CUST-01117;SMB;Retail;7;2020-06-18;0,74;0,167
1118;CUST-01118;Mid-Market;Education;6;2024-01-17;1,25;0,086
1119;CUST-01119;SMB;Manufacturing;6;2023-10-13;2,372;0,196
1120;CUST-01120;Mid-Market;Education;5;2021-09-03;11,094;0,094
1121;CUST-01121;SMB;Government;6;2023-02-21;1,366;0,119
1122;CUST-01122;Enterprise;Retail;7;2021-01-25;21,072;0,028
1123;CUST-01123;SMB;Government;4;2024-01-26;1,711;0,229
1124;CUST-01124;Distributor;Logistics;2;2020-01-21;6,415;0,13
1125;CUST-01125;Mid-Market;Education;6;2021-05-13;3,993;0,093
1126;CUST-01126;Enterprise;Technology;4;2021-01-14;3,282;0,034
1127;CUST-01127;Distributor;Logistics;3;2021-01-31;5,592;0,114
1128;CUST-01128;Enterprise;Healthcare;9;2021-01-10;4,653;0,033
1129;CUST-01129;Public Sector;Manufacturing;1;2023-03-16;2,412;0,038
1130;CUST-01130;SMB;Logistics;6;2023-09-20;2,353;0,143
1131;CUST-01131;Distributor;Healthcare;4;2021-06-19;3,464;0,083
1132;CUST-01132;Distributor;Healthcare;3;2021-02-10;5,606;0,065
1133;CUST-01133;Mid-Market;Logistics;10;2021-04-05;2,085;0,071
1134;CUST-01134;Mid-Market;Logistics;1;2023-11-19;3,752;0,087
1135;CUST-01135;Distributor;Government;2;2020-08-20;6,571;0,077
1136;CUST-01136;Public Sector;Technology;1;2020-03-18;1,26;0,044
1137;CUST-01137;Public Sector;Education;2;2020-05-06;1,787;0,039
1138;CUST-01138;Mid-Market;Manufacturing;8;2022-11-15;3,481;0,058
1139;CUST-01139;SMB;Healthcare;3;2020-06-12;0,568;0,16
1140;CUST-01140;SMB;Technology;5;2023-02-18;0,468;0,219
1141;CUST-01141;SMB;Logistics;5;2023-09-10;0,537;0,159
1142;CUST-01142;SMB;Education;4;2023-11-09;0,576;0,227
1143;CUST-01143;Public Sector;Education;6;2022-07-04;2,219;0,052
1144;CUST-01144;Mid-Market;Government;1;2020-02-16;0,805;0,074
1145;CUST-01145;Mid-Market;Technology;6;2021-09-02;1,876;0,101
1146;CUST-01146;Mid-Market;Manufacturing;2;2023-09-06;2,128;0,068
1147;CUST-01147;Enterprise;Manufacturing;1;2024-02-06;8,958;0,037
1148;CUST-01148;Enterprise;Manufacturing;8;2020-06-13;11,181;0,02
1149;CUST-01149;SMB;Technology;2;2021-09-28;2,578;0,23
1150;CUST-01150;Mid-Market;Education;4;2020-09-28;5,436;0,06
1151;CUST-01151;Public Sector;Healthcare;2;2021-01-08;1,665;0,033
1152;CUST-01152;Distributor;Logistics;6;2022-02-21;11,174;0,109
1153;CUST-01153;SMB;Government;1;2022-07-28;0,507;0,205
1154;CUST-01154;Mid-Market;Logistics;1;2023-10-21;5,175;0,067
1155;CUST-01155;Enterprise;Manufacturing;8;2022-06-10;4,951;0,035
1156;CUST-01156;Enterprise;Healthcare;1;2021-03-25;7,106;0,027
1157;CUST-01157;SMB;Logistics;10;2022-08-02;0,735;0,171
1158;CUST-01158;Mid-Market;Government;6;2023-03-23;6,102;0,069
1159;CUST-01159;Mid-Market;Healthcare;9;2021-05-04;1,183;0,06
1160;CUST-01160;SMB;Technology;8;2023-11-29;1,99;0,212
1161;CUST-01161;Mid-Market;Technology;3;2022-08-16;5,979;0,084
1162;CUST-01162;Mid-Market;Government;4;2024-02-03;2,445;0,071
1163;CUST-01163;SMB;Logistics;9;2022-01-09;0,449;0,133
1164;CUST-01164;Mid-Market;Government;9;2023-04-19;6,288;0,072
1165;CUST-01165;SMB;Government;1;2020-10-15;1,831;0,162
1166;CUST-01166;Mid-Market;Healthcare;3;2021-12-21;2,983;0,077
1167;CUST-01167;Mid-Market;Government;6;2021-12-21;7,606;0,071
1168;CUST-01168;SMB;Technology;1;2021-10-13;0,424;0,124
1169;CUST-01169;Mid-Market;Retail;8;2023-08-17;3,425;0,081
1170;CUST-01170;Public Sector;Education;6;2021-08-31;2,407;0,05
1171;CUST-01171;Mid-Market;Retail;3;2021-08-10;3,626;0,069
1172;CUST-01172;Mid-Market;Manufacturing;1;2021-01-10;3,486;0,078
1173;CUST-01173;Public Sector;Education;5;2023-02-15;3,322;0,036
1174;CUST-01174;Distributor;Logistics;1;2023-10-06;3,732;0,082
1175;CUST-01175;SMB;Healthcare;3;2021-04-02;0,959;0,116
1176;CUST-01176;Enterprise;Technology;6;2020-05-11;2,739;0,036
1177;CUST-01177;Enterprise;Education;2;2020-02-12;6,542;0,03
1178;CUST-01178;Enterprise;Government;7;2021-03-14;9,877;0,025
1179;CUST-01179;Enterprise;Government;6;2022-06-10;5,996;0,027
1180;CUST-01180;SMB;Technology;8;2021-06-23;1,626;0,154
1181;CUST-01181;Mid-Market;Technology;6;2023-09-01;1,671;0,074
1182;CUST-01182;Mid-Market;Technology;4;2020-03-23;0,885;0,086
1183;CUST-01183;Mid-Market;Logistics;3;2022-05-20;4,822;0,082
1184;CUST-01184;SMB;Education;4;2022-08-19;0,926;0,212
1185;CUST-01185;Mid-Market;Education;3;2020-04-22;2,372;0,081
1186;CUST-01186;SMB;Manufacturing;7;2024-01-04;0,698;0,124
1187;CUST-01187;SMB;Technology;6;2021-03-19;1,044;0,217
1188;CUST-01188;SMB;Government;5;2020-05-11;1,471;0,205
1189;CUST-01189;Mid-Market;Retail;2;2020-04-27;2,526;0,074
1190;CUST-01190;Mid-Market;Manufacturing;6;2022-05-28;1,404;0,1
1191;CUST-01191;SMB;Technology;9;2021-04-25;1,262;0,178
1192;CUST-01192;SMB;Government;1;2022-08-27;0,369;0,199
1193;CUST-01193;SMB;Manufacturing;6;2020-06-30;0,673;0,155
1194;CUST-01194;Mid-Market;Logistics;1;2020-12-18;2,121;0,096
1195;CUST-01195;SMB;Education;10;2020-05-23;2,992;0,181
1196;CUST-01196;Enterprise;Retail;2;2020-04-25;10,815;0,042
1197;CUST-01197;Distributor;Logistics;3;2022-05-15;4,416;0,069
1198;CUST-01198;Mid-Market;Retail;2;2020-09-26;7,957;0,052
1199;CUST-01199;Mid-Market;Healthcare;9;2021-07-09;4,932;0,075
1200;CUST-01200;Mid-Market;Healthcare;5;2022-11-11;2,927;0,077
